free fall at 7s						
	Acceleration [g]			Rotation [dps]		
Time [s]	AX	AY	AZ	GX	GY	GZ
0,000	-0,137	-0,960	-0,079	-11,414	4,547	4,822
0,010	-0,139	-0,954	-0,088	-11,688	4,303	4,883
0,020	-0,141	-0,949	-0,098	-11,963	4,089	4,181
0,030	-0,142	-0,944	-0,106	-12,360	4,059	2,716
0,040	-0,145	-0,942	-0,114	-12,756	4,395	0,793
0,050	-0,148	-0,943	-0,117	-12,909	5,066	-1,221
0,060	-0,151	-0,949	-0,118	-12,726	6,165	-2,930
0,070	-0,155	-0,958	-0,113	-12,115	7,355	-3,998
0,080	-0,160	-0,968	-0,106	-11,139	8,362	-4,272
0,090	-0,164	-0,980	-0,100	-9,766	8,484	-3,784
0,100	-0,161	-0,987	-0,096	-7,874	7,690	-2,747
0,110	-0,155	-0,987	-0,093	-5,890	6,592	-1,221
0,120	-0,150	-0,985	-0,093	-4,517	5,554	0,488
0,130	-0,146	-0,981	-0,099	-3,937	4,669	2,045
0,140	-0,143	-0,977	-0,107	-4,059	4,059	3,448
0,150	-0,143	-0,977	-0,115	-4,639	4,059	4,608
0,160	-0,141	-0,978	-0,124	-5,096	4,852	5,310
0,170	-0,139	-0,979	-0,133	-5,188	6,866	5,432
0,180	-0,141	-0,978	-0,136	-4,669	10,010	4,974
0,190	-0,145	-0,976	-0,129	-3,479	13,580	4,120
0,200	-0,146	-0,976	-0,124	-1,770	17,059	3,052
0,210	-0,144	-0,975	-0,120	0,000	19,836	2,014
0,220	-0,132	-0,991	-0,095	2,197	22,156	0,519
0,230	-0,132	-1,011	-0,076	8,789	25,208	-3,418
0,240	-0,144	-1,016	-0,084	18,036	29,114	-8,698
0,250	-0,149	-1,013	-0,109	25,665	32,196	-14,313
0,260	-0,146	-1,005	-0,129	29,816	33,783	-19,562
0,270	-0,142	-0,995	-0,139	31,128	34,576	-23,804
0,280	-0,135	-0,982	-0,143	30,884	36,041	-27,130
0,290	-0,129	-0,971	-0,144	29,633	38,483	-29,785
0,300	-0,124	-0,965	-0,149	28,046	41,534	-32,043
0,310	-0,117	-0,961	-0,148	26,886	45,441	-34,119
0,320	-0,108	-0,957	-0,139	25,848	51,117	-35,248
0,330	-0,098	-0,958	-0,130	24,414	58,167	-35,217
0,340	-0,078	-0,960	-0,117	22,888	65,765	-34,607
0,350	-0,049	-0,959	-0,101	21,606	74,402	-33,875
0,360	-0,018	-0,951	-0,080	21,088	84,320	-33,752
0,370	0,010	-0,947	-0,050	21,240	95,123	-34,943
0,380	0,032	-0,952	-0,015	22,003	105,255	-38,025
0,390	0,046	-0,963	0,020	23,254	112,488	-42,725
0,400	0,050	-0,980	0,049	24,567	115,387	-48,279
0,410	0,048	-0,994	0,068	26,123	113,647	-54,108
0,420	0,048	-1,001	0,077	28,290	107,941	-59,662
0,430	0,050	-0,999	0,082	31,219	100,006	-64,209
0,440	0,054	-0,986	0,082	34,271	91,583	-67,230
0,450	0,062	-0,961	0,076	36,652	83,405	-68,024
0,460	0,061	-0,948	0,078	37,689	75,775	-66,162
0,470	0,055	-0,946	0,078	36,896	69,305	-61,371
0,480	0,070	-0,924	0,065	34,302	63,385	-54,291
0,490	0,091	-0,891	0,051	30,121	56,885	-46,143
0,500	0,104	-0,859	0,045	24,170	50,049	-36,438
0,510	0,107	-0,832	0,043	15,503	42,969	-24,750
0,520	0,106	-0,808	0,041	4,242	34,760	-10,742
0,530	0,101	-0,789	0,036	-8,545	24,902	5,737
0,540	0,092	-0,782	0,019	-21,698	13,550	24,567
0,550	0,057	-0,919	-0,056	-31,860	3,754	42,694
0,560	-0,006	-1,059	-0,114	-30,945	2,441	45,654
0,570	-0,057	-1,134	-0,151	-25,391	7,050	32,104
0,580	-0,092	-1,136	-0,180	-19,592	11,841	13,855
0,590	-0,111	-1,086	-0,181	-14,160	13,092	1,007
0,600	-0,116	-1,026	-0,156	-10,590	9,308	-4,333
0,610	-0,110	-0,991	-0,121	-10,406	3,815	-3,784
0,620	-0,084	-0,998	-0,082	-13,306	-1,678	0,183
0,630	-0,038	-1,032	-0,029	-18,494	-8,148	3,967
0,640	0,014	-1,070	0,030	-25,909	-16,327	5,188
0,650	0,053	-1,081	0,062	-34,576	-24,384	4,913
0,660	0,063	-1,069	0,048	-44,403	-30,762	4,791
0,670	0,052	-1,056	0,000	-54,413	-36,285	5,524
0,680	0,038	-1,034	-0,063	-62,103	-41,534	7,996
0,690	0,026	-1,003	-0,103	-66,223	-44,464	11,322
0,700	0,074	-1,011	-0,131	-65,552	-45,044	14,648
0,710	0,117	-1,043	-0,143	-55,298	-40,131	19,104
0,720	0,152	-1,041	-0,136	-34,363	-29,297	21,820
0,730	0,162	-1,002	-0,109	-9,338	-13,916	22,186
0,740	0,131	-0,954	-0,072	11,139	2,655	20,172
0,750	0,061	-0,904	-0,057	22,095	15,350	16,052
0,760	-0,010	-0,856	-0,090	22,186	20,630	9,644
0,770	-0,067	-0,871	-0,148	12,848	19,501	4,578
0,780	-0,093	-0,927	-0,178	0,275	14,099	4,761
0,790	-0,079	-0,969	-0,160	-8,881	6,714	9,033
0,800	-0,054	-1,005	-0,140	-12,848	1,373	12,268
0,810	-0,028	-1,025	-0,139	-11,383	-1,068	12,543
0,820	-0,001	-1,029	-0,138	-6,592	-1,007	10,376
0,830	0,018	-1,026	-0,137	-0,427	1,221	6,073
0,840	0,020	-1,020	-0,120	6,409	5,463	1,587
0,850	0,009	-1,017	-0,085	13,672	11,230	-0,732
0,860	-0,002	-1,026	-0,064	20,325	16,907	0,366
0,870	-0,009	-1,026	-0,077	24,658	21,484	4,669
0,880	-0,005	-1,024	-0,098	25,391	23,926	9,827
0,890	0,007	-1,035	-0,111	23,590	24,261	13,153
0,900	0,013	-1,043	-0,112	20,874	23,560	13,428
0,910	0,011	-1,051	-0,103	18,341	21,820	10,651
0,920	0,008	-1,054	-0,103	16,266	19,043	6,287
0,930	0,011	-1,049	-0,104	13,306	15,625	1,312
0,940	0,019	-1,044	-0,096	9,064	12,329	-3,326
0,950	0,024	-1,038	-0,087	4,303	10,376	-6,805
0,960	0,033	-1,034	-0,075	-0,366	10,223	-8,362
0,970	0,043	-1,032	-0,073	-3,326	11,688	-8,514
0,980	0,049	-1,026	-0,085	-3,876	14,221	-8,148
0,990	0,053	-1,022	-0,104	-3,693	16,418	-7,538
1,000	0,053	-1,014	-0,126	-3,845	17,578	-6,866
1,010	0,052	-1,007	-0,144	-4,089	17,395	-6,226
1,020	0,057	-1,000	-0,157	-4,303	15,747	-5,920
1,030	0,060	-0,995	-0,161	-4,486	13,275	-6,531
1,040	0,065	-0,993	-0,156	-4,059	10,498	-8,026
1,050	0,068	-0,997	-0,148	-3,143	8,545	-9,949
1,060	0,069	-0,997	-0,132	-2,625	8,240	-11,810
1,070	0,068	-1,003	-0,110	-3,052	10,437	-13,031
1,080	0,063	-1,017	-0,085	-3,082	14,771	-13,519
1,090	0,052	-1,031	-0,071	-1,770	21,118	-13,123
1,100	0,040	-1,045	-0,068	0,153	28,503	-12,360
1,110	0,036	-1,073	-0,080	2,441	35,767	-11,658
1,120	0,071	-1,117	-0,076	6,348	42,419	-10,193
1,130	0,134	-1,131	-0,035	16,510	51,666	-8,514
1,140	0,175	-1,113	-0,000	33,325	67,078	-9,583
1,150	0,188	-1,066	0,008	50,690	84,717	-14,801
1,160	0,173	-1,022	0,000	62,897	100,922	-23,010
1,170	0,140	-0,993	-0,005	67,230	114,502	-31,067
1,180	0,102	-0,983	-0,010	64,819	124,054	-35,950
1,190	0,062	-0,979	-0,031	59,174	127,777	-37,262
1,200	0,023	-0,970	-0,068	51,575	123,718	-36,682
1,210	-0,005	-0,959	-0,101	41,473	110,901	-36,163
1,220	-0,019	-0,949	-0,117	29,114	91,339	-36,957
1,230	-0,022	-0,941	-0,110	16,327	68,634	-39,093
1,240	-0,010	-0,934	-0,088	4,547	45,624	-42,175
1,250	0,008	-0,926	-0,057	-5,920	25,085	-45,776
1,260	0,032	-0,924	-0,025	-14,862	8,514	-49,042
1,270	0,060	-0,923	-0,004	-21,729	-3,387	-51,880
1,280	0,083	-0,927	0,006	-26,398	-10,681	-54,230
1,290	0,101	-0,938	0,016	-29,327	-14,984	-55,939
1,300	0,109	-0,956	0,027	-31,677	-17,029	-56,641
1,310	0,116	-0,975	0,032	-33,112	-18,188	-56,183
1,320	0,117	-0,979	0,041	-33,813	-18,372	-54,504
1,330	0,105	-0,974	0,047	-34,485	-18,097	-52,734
1,340	0,096	-0,957	0,038	-34,607	-18,921	-51,514
1,350	0,099	-0,940	0,011	-35,156	-20,630	-50,385
1,360	0,109	-0,930	-0,023	-36,499	-23,682	-49,683
1,370	0,123	-0,923	-0,053	-38,330	-29,236	-49,591
1,380	0,137	-0,916	-0,069	-40,894	-36,041	-50,537
1,390	0,146	-0,916	-0,070	-44,159	-42,633	-52,460
1,400	0,154	-0,917	-0,064	-47,119	-48,615	-54,687
1,410	0,166	-0,918	-0,059	-49,164	-52,612	-56,335
1,420	0,188	-0,916	-0,057	-50,201	-53,406	-57,007
1,430	0,209	-0,924	-0,063	-50,385	-50,842	-56,335
1,440	0,222	-0,920	-0,072	-49,286	-46,783	-55,023
1,450	0,237	-0,916	-0,083	-48,279	-42,969	-53,772
1,460	0,256	-0,919	-0,093	-48,218	-40,039	-53,162
1,470	0,271	-0,929	-0,102	-48,492	-37,598	-52,826
1,480	0,282	-0,944	-0,114	-48,187	-34,912	-51,697
1,490	0,283	-0,952	-0,133	-47,119	-32,013	-49,133
1,500	0,284	-0,951	-0,157	-45,898	-29,938	-45,166
1,510	0,286	-0,946	-0,182	-45,166	-28,748	-40,527
1,520	0,296	-0,935	-0,206	-44,861	-28,687	-35,736
1,530	0,317	-0,927	-0,220	-44,861	-29,663	-31,433
1,540	0,336	-0,918	-0,223	-45,013	-30,273	-28,473
1,550	0,350	-0,908	-0,220	-44,830	-29,785	-27,435
1,560	0,361	-0,902	-0,219	-43,671	-27,985	-28,168
1,570	0,366	-0,900	-0,220	-41,595	-24,719	-29,724
1,580	0,365	-0,906	-0,225	-38,757	-20,416	-30,884
1,590	0,357	-0,913	-0,235	-35,461	-15,869	-30,884
1,600	0,350	-0,918	-0,250	-32,562	-12,085	-29,602
1,610	0,346	-0,918	-0,265	-30,884	-9,857	-27,740
1,620	0,348	-0,911	-0,278	-30,731	-9,491	-26,062
1,630	0,358	-0,902	-0,292	-32,074	-10,590	-25,055
1,640	0,373	-0,896	-0,307	-34,271	-12,573	-24,872
1,650	0,392	-0,892	-0,317	-36,530	-15,076	-25,421
1,660	0,409	-0,892	-0,323	-38,361	-17,181	-26,550
1,670	0,422	-0,895	-0,328	-39,276	-18,280	-28,046
1,680	0,426	-0,897	-0,331	-38,971	-17,822	-29,694
1,690	0,422	-0,897	-0,335	-37,354	-16,052	-31,128
1,700	0,418	-0,897	-0,342	-34,760	-13,428	-32,135
1,710	0,416	-0,895	-0,350	-32,074	-10,803	-32,623
1,720	0,419	-0,898	-0,359	-30,151	-8,942	-32,410
1,730	0,426	-0,901	-0,367	-29,266	-8,301	-31,342
1,740	0,431	-0,902	-0,371	-29,449	-8,820	-30,060
1,750	0,432	-0,906	-0,373	-30,457	-10,071	-28,809
1,760	0,430	-0,908	-0,371	-31,555	-11,719	-27,466
1,770	0,429	-0,908	-0,365	-32,135	-13,245	-25,665
1,780	0,429	-0,900	-0,360	-31,769	-13,855	-23,621
1,790	0,428	-0,884	-0,350	-31,189	-13,306	-21,851
1,800	0,424	-0,862	-0,342	-31,128	-11,932	-20,844
1,810	0,417	-0,841	-0,339	-31,586	-10,101	-20,721
1,820	0,411	-0,826	-0,343	-31,830	-8,148	-21,210
1,830	0,408	-0,818	-0,350	-31,097	-6,287	-21,973
1,840	0,406	-0,807	-0,360	-29,297	-4,517	-23,041
1,850	0,399	-0,794	-0,372	-27,618	-3,387	-24,353
1,860	0,391	-0,785	-0,385	-27,344	-3,998	-25,299
1,870	0,391	-0,773	-0,394	-28,442	-6,714	-25,299
1,880	0,394	-0,757	-0,397	-30,365	-10,468	-24,567
1,890	0,397	-0,739	-0,395	-32,104	-14,130	-23,743
1,900	0,400	-0,725	-0,391	-32,776	-16,876	-23,132
1,910	0,401	-0,714	-0,385	-32,318	-18,158	-22,736
1,920	0,401	-0,708	-0,380	-30,823	-18,188	-22,247
1,930	0,403	-0,705	-0,379	-28,412	-17,334	-21,698
1,940	0,405	-0,706	-0,384	-25,574	-16,266	-21,179
1,950	0,404	-0,709	-0,388	-22,888	-15,625	-20,477
1,960	0,406	-0,714	-0,392	-20,630	-15,930	-19,226
1,970	0,405	-0,718	-0,396	-18,616	-16,724	-17,181
1,980	0,402	-0,716	-0,401	-16,571	-17,761	-14,221
1,990	0,396	-0,709	-0,406	-14,771	-19,409	-10,925
2,000	0,394	-0,703	-0,407	-13,428	-21,698	-7,782
2,010	0,398	-0,697	-0,407	-12,177	-24,200	-5,005
2,020	0,405	-0,693	-0,402	-11,017	-26,520	-2,838
2,030	0,409	-0,690	-0,401	-10,406	-28,381	-1,129
2,040	0,407	-0,687	-0,400	-10,651	-30,334	0,397
2,050	0,415	-0,685	-0,401	-11,963	-33,051	1,434
2,060	0,426	-0,691	-0,402	-14,374	-35,919	1,801
2,070	0,429	-0,699	-0,405	-16,663	-37,811	2,411
2,080	0,425	-0,704	-0,417	-17,883	-38,696	3,571
2,090	0,413	-0,708	-0,440	-18,219	-38,788	5,096
2,100	0,401	-0,712	-0,471	-17,853	-39,429	6,683
2,110	0,389	-0,716	-0,508	-16,479	-41,595	7,751
2,120	0,374	-0,715	-0,533	-14,709	-45,288	7,690
2,130	0,351	-0,714	-0,535	-14,069	-50,079	7,111
2,140	0,322	-0,708	-0,511	-15,442	-56,061	6,073
2,150	0,305	-0,704	-0,479	-18,890	-61,310	5,096
2,160	0,302	-0,711	-0,462	-22,766	-63,721	4,547
2,170	0,317	-0,720	-0,474	-24,170	-63,232	4,028
2,180	0,350	-0,735	-0,507	-22,583	-60,272	3,723
2,190	0,398	-0,760	-0,551	-17,639	-55,908	4,883
2,200	0,430	-0,786	-0,576	-9,552	-50,964	8,545
2,210	0,442	-0,794	-0,582	-1,465	-46,997	14,130
2,220	0,430	-0,793	-0,573	4,089	-43,427	20,905
2,230	0,404	-0,792	-0,568	7,965	-39,032	27,527
2,240	0,373	-0,779	-0,570	11,993	-34,882	32,684
2,250	0,340	-0,759	-0,569	16,296	-31,647	34,821
2,260	0,308	-0,735	-0,560	19,745	-29,083	32,776
2,270	0,296	-0,734	-0,526	20,996	-25,269	27,985
2,280	0,302	-0,787	-0,507	20,538	-18,097	24,017
2,290	0,313	-0,823	-0,530	22,583	-11,444	23,621
2,300	0,311	-0,825	-0,548	25,818	-7,263	26,794
2,310	0,297	-0,815	-0,566	26,764	-6,958	29,968
2,320	0,286	-0,820	-0,571	24,231	-9,644	31,830
2,330	0,283	-0,834	-0,565	20,721	-12,726	33,447
2,340	0,287	-0,829	-0,555	19,348	-14,069	34,851
2,350	0,294	-0,810	-0,559	21,698	-13,489	33,936
2,360	0,292	-0,807	-0,587	25,452	-12,451	30,243
2,370	0,282	-0,820	-0,617	26,672	-13,580	25,879
2,380	0,269	-0,835	-0,627	23,163	-18,127	23,529
2,390	0,261	-0,846	-0,606	17,487	-23,590	22,888
2,400	0,260	-0,852	-0,565	14,221	-26,123	23,071
2,410	0,261	-0,851	-0,538	15,869	-24,567	23,193
2,420	0,254	-0,845	-0,543	21,118	-19,592	22,522
2,430	0,246	-0,842	-0,571	26,581	-14,374	21,637
2,440	0,248	-0,853	-0,589	27,863	-11,383	20,782
2,450	0,255	-0,871	-0,582	24,536	-10,376	19,714
2,460	0,266	-0,889	-0,574	19,501	-9,430	17,578
2,470	0,266	-0,901	-0,565	14,801	-7,385	13,885
2,480	0,258	-0,908	-0,560	10,925	-5,585	9,552
2,490	0,240	-0,910	-0,564	6,927	-4,761	5,646
2,500	0,222	-0,900	-0,568	1,678	-5,798	3,448
2,510	0,211	-0,889	-0,569	-4,120	-8,545	3,052
2,520	0,201	-0,887	-0,568	-8,789	-11,261	3,479
2,530	0,192	-0,893	-0,561	-11,627	-12,848	4,395
2,540	0,189	-0,895	-0,555	-12,024	-12,878	5,798
2,550	0,190	-0,900	-0,557	-10,223	-11,597	6,927
2,560	0,191	-0,904	-0,567	-7,233	-9,705	7,446
2,570	0,192	-0,901	-0,576	-4,303	-7,904	7,660
2,580	0,200	-0,895	-0,577	-1,740	-6,958	7,477
2,590	0,209	-0,903	-0,587	0,549	-6,500	5,463
2,600	0,211	-0,914	-0,597	2,533	-5,981	1,434
2,610	0,206	-0,917	-0,609	4,456	-5,341	-3,723
2,620	0,191	-0,926	-0,626	6,287	-5,157	-8,911
2,630	0,180	-0,941	-0,638	8,423	-5,829	-13,275
2,640	0,175	-0,955	-0,638	11,108	-6,775	-16,357
2,650	0,176	-0,960	-0,635	14,069	-7,202	-17,700
2,660	0,181	-0,947	-0,634	16,876	-6,561	-16,876
2,670	0,192	-0,929	-0,636	18,311	-5,493	-14,557
2,680	0,219	-0,927	-0,637	16,907	-6,561	-12,207
2,690	0,239	-0,935	-0,634	12,909	-9,247	-11,597
2,700	0,236	-0,948	-0,616	9,186	-11,353	-13,397
2,710	0,206	-0,964	-0,587	8,698	-12,512	-16,266
2,720	0,178	-0,976	-0,564	12,115	-14,435	-17,822
2,730	0,163	-0,977	-0,564	16,937	-17,639	-15,991
2,740	0,163	-0,968	-0,586	21,210	-20,721	-11,627
2,750	0,167	-0,951	-0,622	22,736	-22,552	-6,439
2,760	0,171	-0,928	-0,655	18,921	-23,804	-0,854
2,770	0,171	-0,914	-0,673	8,789	-25,574	4,913
2,780	0,169	-0,919	-0,676	-6,500	-28,473	10,437
2,790	0,161	-0,932	-0,668	-23,773	-31,342	15,900
2,800	0,137	-0,913	-0,627	-37,689	-33,173	22,156
2,810	0,125	-0,915	-0,596	-45,715	-33,417	29,755
2,820	0,143	-0,923	-0,575	-47,241	-32,196	37,292
2,830	0,183	-0,924	-0,565	-44,769	-29,968	41,931
2,840	0,216	-0,894	-0,566	-41,718	-28,290	41,840
2,850	0,234	-0,869	-0,563	-40,527	-28,564	37,506
2,860	0,226	-0,882	-0,561	-40,833	-30,151	30,365
2,870	0,205	-0,912	-0,566	-40,253	-31,189	23,346
2,880	0,188	-0,914	-0,580	-38,330	-31,128	17,975
2,890	0,175	-0,880	-0,596	-37,201	-30,273	14,130
2,900	0,156	-0,855	-0,619	-38,513	-29,877	11,597
2,910	0,138	-0,849	-0,654	-39,856	-29,297	8,087
2,920	0,110	-0,822	-0,677	-41,412	-28,229	2,747
2,930	0,094	-0,789	-0,675	-46,997	-31,036	-2,380
2,940	0,083	-0,779	-0,653	-55,237	-36,499	-6,439
2,950	0,066	-0,827	-0,629	-61,493	-41,046	-8,636
2,960	0,062	-0,879	-0,615	-63,263	-42,389	-6,531
2,970	0,091	-0,897	-0,616	-63,904	-42,664	0,031
2,980	0,126	-0,883	-0,636	-67,413	-41,046	6,470
2,990	0,142	-0,855	-0,657	-74,219	-37,781	10,345
3,000	0,139	-0,824	-0,679	-82,764	-33,966	12,085
3,010	0,124	-0,786	-0,698	-91,644	-30,945	11,841
3,020	0,101	-0,737	-0,706	-100,433	-29,449	10,010
3,030	0,077	-0,687	-0,708	-107,880	-29,816	6,836
3,040	0,057	-0,648	-0,706	-112,366	-31,738	2,075
3,050	0,049	-0,631	-0,699	-113,098	-34,180	-4,242
3,060	0,060	-0,647	-0,691	-110,596	-36,987	-11,230
3,070	0,074	-0,677	-0,685	-105,713	-38,910	-18,372
3,080	0,076	-0,699	-0,694	-100,189	-39,276	-24,323
3,090	0,063	-0,708	-0,706	-94,727	-37,567	-27,649
3,100	0,048	-0,702	-0,715	-88,196	-34,393	-27,649
3,110	0,044	-0,693	-0,729	-80,536	-30,212	-24,597
3,120	0,050	-0,682	-0,755	-72,083	-25,757	-19,928
3,130	0,060	-0,668	-0,793	-63,141	-21,606	-15,503
3,140	0,072	-0,657	-0,837	-54,779	-18,097	-12,665
3,150	0,076	-0,654	-0,881	-47,546	-15,259	-12,390
3,160	0,070	-0,662	-0,922	-42,816	-13,153	-14,435
3,170	0,052	-0,673	-0,946	-41,473	-12,848	-16,571
3,180	0,028	-0,681	-0,942	-44,434	-13,306	-16,785
3,190	0,003	-0,699	-0,934	-53,680	-13,092	-13,885
3,200	-0,013	-0,722	-0,933	-64,728	-14,587	-8,026
3,210	-0,022	-0,730	-0,936	-72,876	-17,944	-0,061
3,220	-0,026	-0,717	-0,933	-76,324	-22,766	8,301
3,230	-0,028	-0,687	-0,925	-76,141	-27,710	15,289
3,240	-0,026	-0,679	-0,906	-74,158	-31,738	20,081
3,250	-0,021	-0,681	-0,888	-69,855	-35,034	25,085
3,260	0,000	-0,653	-0,862	-64,148	-38,361	29,938
3,270	0,019	-0,617	-0,838	-58,563	-39,154	32,532
3,280	0,068	-0,538	-0,741	-52,399	-36,957	32,379
3,290	0,054	-0,492	-0,715	-40,985	-27,863	23,743
3,300	-0,015	-0,452	-0,725	-26,154	-20,447	11,383
3,310	-0,109	-0,436	-0,720	-13,733	-13,062	3,326
3,320	-0,195	-0,459	-0,720	-4,639	-8,057	3,204
3,330	-0,202	-0,488	-0,721	3,357	-4,730	12,878
3,340	-0,157	-0,539	-0,784	13,336	-4,089	28,412
3,350	-0,081	-0,553	-0,830	26,306	-7,141	43,182
3,360	-0,038	-0,516	-0,849	37,598	-9,460	52,734
3,370	-0,042	-0,456	-0,855	43,793	-10,529	56,122
3,380	-0,071	-0,411	-0,868	45,258	-11,932	55,298
3,390	-0,094	-0,391	-0,875	44,098	-14,160	52,429
3,400	-0,095	-0,401	-0,858	42,419	-15,625	49,561
3,410	-0,083	-0,407	-0,815	43,365	-14,313	46,722
3,420	-0,073	-0,395	-0,772	48,706	-10,162	42,755
3,430	-0,065	-0,378	-0,741	58,777	-5,371	38,422
3,440	-0,057	-0,367	-0,736	70,190	-5,096	33,569
3,450	-0,058	-0,350	-0,753	77,850	-8,942	25,787
3,460	-0,077	-0,340	-0,769	80,994	-15,442	17,029
3,470	-0,097	-0,338	-0,752	80,933	-20,233	10,223
3,480	-0,116	-0,350	-0,713	78,979	-22,064	7,263
3,490	-0,122	-0,373	-0,678	77,301	-23,163	7,355
3,500	-0,128	-0,394	-0,663	77,545	-22,369	9,705
3,510	-0,141	-0,406	-0,645	81,360	-19,104	13,458
3,520	-0,174	-0,450	-0,630	87,799	-14,343	18,280
3,530	-0,214	-0,570	-0,601	98,999	-14,374	19,379
3,540	-0,201	-0,635	-0,548	116,364	-22,461	16,785
3,550	-0,159	-0,569	-0,533	130,585	-30,426	18,127
3,560	-0,123	-0,516	-0,583	133,087	-33,844	25,909
3,570	-0,066	-0,508	-0,655	124,908	-33,234	34,302
3,580	-0,015	-0,518	-0,701	108,612	-26,733	39,825
3,590	-0,001	-0,533	-0,714	86,823	-14,923	41,565
3,600	-0,021	-0,546	-0,711	64,789	0,427	41,870
3,610	-0,035	-0,560	-0,688	45,013	11,627	43,274
3,620	-0,028	-0,589	-0,659	28,412	17,303	44,250
3,630	-0,021	-0,626	-0,632	17,517	21,057	42,328
3,640	-0,021	-0,663	-0,600	13,641	22,064	36,377
3,650	-0,022	-0,690	-0,563	16,663	19,989	27,100
3,660	-0,026	-0,698	-0,519	25,482	15,961	16,296
3,670	-0,026	-0,695	-0,463	38,361	8,789	5,524
3,680	-0,024	-0,682	-0,417	54,138	-1,068	-4,700
3,690	-0,030	-0,670	-0,382	71,808	-11,322	-15,747
3,700	-0,047	-0,678	-0,363	88,806	-20,935	-27,039
3,710	-0,065	-0,695	-0,365	101,990	-30,121	-36,285
3,720	-0,074	-0,701	-0,391	108,124	-37,506	-42,542
3,730	-0,078	-0,706	-0,430	105,377	-41,382	-45,044
3,740	-0,083	-0,711	-0,469	94,421	-41,168	-44,250
3,750	-0,091	-0,699	-0,505	78,247	-37,811	-42,419
3,760	-0,097	-0,669	-0,531	59,723	-32,318	-40,161
3,770	-0,124	-0,651	-0,521	40,314	-25,574	-36,652
3,780	-0,150	-0,657	-0,491	23,590	-18,921	-31,525
3,790	-0,171	-0,654	-0,471	12,817	-11,444	-24,170
3,800	-0,188	-0,637	-0,464	7,874	-5,493	-15,106
3,810	-0,196	-0,639	-0,469	6,744	-2,350	-5,371
3,820	-0,187	-0,654	-0,469	8,179	-0,824	2,930
3,830	-0,164	-0,665	-0,461	13,306	0,610	7,965
3,840	-0,141	-0,675	-0,448	21,454	1,068	9,827
3,850	-0,125	-0,693	-0,440	29,785	0,702	8,942
3,860	-0,108	-0,708	-0,449	36,804	-0,427	6,592
3,870	-0,108	-0,706	-0,469	41,748	-1,404	3,998
3,880	-0,136	-0,715	-0,492	41,840	-2,350	1,373
3,890	-0,168	-0,725	-0,509	37,811	-3,784	0,092
3,900	-0,190	-0,719	-0,514	33,142	-5,402	0,244
3,910	-0,206	-0,720	-0,504	29,083	-6,927	1,495
3,920	-0,203	-0,741	-0,483	25,818	-8,942	3,571
3,930	-0,185	-0,762	-0,463	24,567	-10,529	4,639
3,940	-0,168	-0,781	-0,459	25,909	-10,956	3,296
3,950	-0,157	-0,793	-0,464	29,510	-11,261	-0,793
3,960	-0,152	-0,809	-0,472	34,790	-12,054	-6,927
3,970	-0,156	-0,828	-0,483	39,734	-12,817	-13,855
3,980	-0,163	-0,849	-0,484	41,718	-13,153	-19,470
3,990	-0,172	-0,872	-0,471	39,612	-12,604	-22,339
4,000	-0,167	-0,886	-0,448	35,339	-12,085	-22,949
4,010	-0,149	-0,892	-0,426	31,464	-11,841	-23,224
4,020	-0,132	-0,904	-0,411	28,442	-11,536	-24,750
4,030	-0,117	-0,915	-0,401	25,482	-11,108	-27,130
4,040	-0,112	-0,919	-0,388	22,156	-10,284	-29,633
4,050	-0,114	-0,922	-0,371	18,341	-9,094	-31,647
4,060	-0,118	-0,915	-0,349	14,832	-7,507	-32,288
4,070	-0,125	-0,906	-0,331	12,878	-5,951	-31,342
4,080	-0,127	-0,907	-0,327	11,841	-4,730	-29,053
4,090	-0,127	-0,911	-0,335	9,827	-3,601	-25,726
4,100	-0,128	-0,907	-0,344	7,294	-2,472	-22,278
4,110	-0,129	-0,897	-0,352	6,989	-1,495	-19,440
4,120	-0,130	-0,892	-0,364	9,125	-1,160	-17,517
4,130	-0,132	-0,891	-0,384	12,207	-1,526	-16,602
4,140	-0,134	-0,888	-0,407	15,137	-2,289	-16,418
4,150	-0,137	-0,886	-0,424	17,944	-3,052	-16,449
4,160	-0,140	-0,890	-0,431	20,447	-3,113	-16,174
4,170	-0,135	-0,895	-0,426	21,881	-2,563	-15,045
4,180	-0,121	-0,898	-0,412	21,667	-2,014	-13,519
4,190	-0,104	-0,893	-0,391	20,172	-1,556	-12,482
4,200	-0,091	-0,890	-0,369	17,731	-1,312	-12,024
4,210	-0,079	-0,891	-0,346	14,648	-0,977	-11,902
4,220	-0,070	-0,894	-0,326	11,139	-0,275	-11,719
4,230	-0,062	-0,897	-0,313	8,270	0,824	-11,505
4,240	-0,063	-0,897	-0,313	7,050	2,502	-11,597
4,250	-0,072	-0,901	-0,324	7,355	3,906	-12,177
4,260	-0,082	-0,904	-0,344	9,308	4,089	-12,970
4,270	-0,090	-0,906	-0,369	12,970	2,930	-13,885
4,280	-0,097	-0,915	-0,396	17,029	0,946	-15,045
4,290	-0,106	-0,926	-0,419	19,775	-1,312	-15,900
4,300	-0,114	-0,930	-0,431	19,928	-3,113	-15,839
4,310	-0,120	-0,933	-0,428	17,334	-3,448	-14,496
4,320	-0,123	-0,934	-0,410	13,062	-2,747	-11,475
4,330	-0,117	-0,933	-0,385	8,331	-1,587	-7,446
4,340	-0,110	-0,932	-0,353	4,639	-0,366	-3,815
4,350	-0,099	-0,931	-0,324	4,700	0,031	-1,251
4,360	-0,088	-0,933	-0,316	9,186	-0,244	-0,519
4,370	-0,079	-0,937	-0,327	14,740	-1,373	-1,587
4,380	-0,076	-0,940	-0,341	18,402	-2,716	-3,632
4,390	-0,079	-0,938	-0,348	19,806	-3,510	-5,890
4,400	-0,084	-0,938	-0,342	19,958	-3,510	-7,629
4,410	-0,088	-0,942	-0,331	19,714	-2,655	-8,362
4,420	-0,086	-0,943	-0,318	19,623	-1,312	-8,087
4,430	-0,075	-0,946	-0,303	19,470	0,214	-7,568
4,440	-0,061	-0,951	-0,290	18,768	1,556	-7,538
4,450	-0,053	-0,952	-0,284	17,792	2,655	-8,698
4,460	-0,055	-0,950	-0,284	16,998	3,052	-10,803
4,470	-0,065	-0,952	-0,287	16,998	2,808	-12,939
4,480	-0,075	-0,959	-0,293	18,829	2,472	-14,343
4,490	-0,079	-0,965	-0,296	22,369	2,441	-14,832
4,500	-0,079	-0,971	-0,297	26,184	2,991	-14,496
4,510	-0,073	-0,974	-0,295	28,900	3,998	-13,733
4,520	-0,063	-0,971	-0,294	29,419	5,066	-12,939
4,530	-0,050	-0,967	-0,289	27,466	5,920	-12,665
4,540	-0,039	-0,959	-0,278	24,139	6,165	-13,000
4,550	-0,033	-0,953	-0,267	20,630	6,317	-13,977
4,560	-0,031	-0,951	-0,259	17,914	6,592	-15,198
4,570	-0,034	-0,947	-0,252	17,029	7,385	-16,296
4,580	-0,042	-0,944	-0,245	18,341	8,148	-17,273
4,590	-0,049	-0,940	-0,235	21,301	7,996	-18,066
4,600	-0,055	-0,943	-0,219	24,139	7,416	-18,341
4,610	-0,063	-0,957	-0,204	25,208	7,141	-16,663
4,620	-0,072	-0,961	-0,192	24,017	6,958	-12,848
4,630	-0,076	-0,956	-0,188	21,515	6,836	-8,179
4,640	-0,077	-0,950	-0,192	18,951	6,683	-2,991
4,650	-0,069	-0,951	-0,201	16,296	6,165	1,923
4,660	-0,055	-0,956	-0,209	12,756	5,737	5,798
4,670	-0,041	-0,958	-0,214	7,690	5,798	8,423
4,680	-0,033	-0,950	-0,206	1,862	5,951	9,857
4,690	-0,029	-0,942	-0,188	-3,204	5,890	10,040
4,700	-0,025	-0,946	-0,173	-6,592	5,463	9,216
4,710	-0,020	-0,949	-0,166	-7,172	5,096	7,568
4,720	-0,020	-0,941	-0,169	-4,669	5,341	5,005
4,730	-0,025	-0,942	-0,186	0,641	5,707	1,984
4,740	-0,028	-0,940	-0,212	7,141	5,981	-1,617
4,750	-0,029	-0,945	-0,238	11,841	6,134	-5,310
4,760	-0,036	-0,955	-0,258	13,489	6,134	-8,820
4,770	-0,049	-0,958	-0,264	12,299	6,073	-11,597
4,780	-0,064	-0,964	-0,253	9,125	5,493	-12,573
4,790	-0,073	-0,974	-0,241	5,768	4,852	-11,444
4,800	-0,078	-0,977	-0,232	2,960	5,005	-8,667
4,810	-0,076	-0,977	-0,225	0,916	5,219	-4,944
4,820	-0,063	-0,977	-0,219	0,061	4,791	-1,526
4,830	-0,045	-0,974	-0,211	0,458	4,211	0,488
4,840	-0,035	-0,974	-0,200	1,587	3,998	1,190
4,850	-0,031	-0,974	-0,192	3,174	3,937	1,221
4,860	-0,032	-0,974	-0,192	4,669	4,028	0,977
4,870	-0,037	-0,974	-0,199	5,432	4,120	1,007
4,880	-0,039	-0,971	-0,208	5,310	4,181	1,129
4,890	-0,041	-0,968	-0,210	4,456	4,333	1,099
4,900	-0,042	-0,968	-0,210	2,991	3,967	0,916
4,910	-0,040	-0,968	-0,211	0,763	2,747	0,641
4,920	-0,037	-0,968	-0,215	-2,289	1,404	0,153
4,930	-0,035	-0,970	-0,220	-5,890	0,214	-0,427
4,940	-0,031	-0,968	-0,217	-9,613	-0,824	-0,916
4,950	-0,029	-0,963	-0,203	-11,505	-1,770	-1,312
4,960	-0,023	-0,959	-0,193	-10,651	-2,716	-1,953
4,970	-0,019	-0,955	-0,193	-7,843	-3,601	-2,838
4,980	-0,020	-0,960	-0,210	-4,303	-3,937	-4,120
4,990	-0,033	-0,963	-0,237	-1,282	-2,502	-5,585
5,000	-0,048	-0,965	-0,255	-0,580	-0,549	-6,104
5,010	-0,053	-0,964	-0,256	-2,472	0,854	-5,005
5,020	-0,045	-0,964	-0,248	-5,859	1,831	-2,747
5,030	-0,030	-0,967	-0,239	-9,583	2,319	-0,641
5,040	-0,020	-0,966	-0,237	-13,000	2,899	0,305
5,050	-0,021	-0,960	-0,241	-15,869	3,571	0,122
5,060	-0,031	-0,951	-0,246	-18,188	3,571	-0,519
5,070	-0,042	-0,947	-0,247	-19,867	2,655	-0,946
5,080	-0,050	-0,944	-0,244	-20,538	1,434	-0,549
5,090	-0,051	-0,943	-0,235	-19,867	0,305	0,824
5,100	-0,043	-0,942	-0,225	-17,822	-0,336	2,563
5,110	-0,028	-0,942	-0,219	-14,587	-0,824	3,723
5,120	-0,012	-0,939	-0,219	-10,712	-1,556	3,510
5,130	-0,001	-0,935	-0,223	-6,989	-2,563	1,678
5,140	0,003	-0,937	-0,229	-3,937	-3,662	-1,190
5,150	0,001	-0,943	-0,236	-1,709	-3,998	-4,242
5,160	-0,007	-0,950	-0,244	-0,610	-3,174	-6,500
5,170	-0,019	-0,952	-0,253	-0,732	-1,404	-8,270
5,180	-0,030	-0,955	-0,262	-2,258	0,488	-9,583
5,190	-0,038	-0,955	-0,270	-4,242	2,075	-10,590
5,200	-0,042	-0,948	-0,276	-5,585	2,930	-11,566
5,210	-0,040	-0,938	-0,279	-5,981	2,716	-12,238
5,220	-0,036	-0,925	-0,280	-5,341	2,014	-12,878
5,230	-0,032	-0,916	-0,277	-4,364	1,343	-13,672
5,240	-0,029	-0,919	-0,271	-3,662	1,099	-14,282
5,250	-0,027	-0,928	-0,261	-3,204	1,373	-14,465
5,260	-0,027	-0,935	-0,250	-2,869	1,709	-14,099
5,270	-0,025	-0,941	-0,243	-2,319	1,740	-13,062
5,280	-0,021	-0,943	-0,236	-1,007	1,495	-11,566
5,290	-0,019	-0,947	-0,230	1,129	0,885	-9,766
5,300	-0,016	-0,952	-0,229	3,601	0,305	-7,843
5,310	-0,011	-0,958	-0,231	5,920	-0,244	-5,920
5,320	-0,004	-0,961	-0,234	8,118	-0,519	-4,486
5,330	0,006	-0,963	-0,235	9,827	-0,549	-3,784
5,340	0,015	-0,970	-0,237	10,895	0,061	-3,601
5,350	0,021	-0,980	-0,239	11,505	1,404	-3,448
5,360	0,023	-0,990	-0,239	11,597	3,326	-3,204
5,370	0,024	-0,995	-0,240	10,651	5,066	-3,082
5,380	0,024	-0,995	-0,240	8,545	5,707	-2,777
5,390	0,025	-0,991	-0,240	5,585	5,005	-2,258
5,400	0,028	-0,989	-0,236	2,380	3,784	-1,617
5,410	0,030	-0,990	-0,230	-0,275	3,204	-0,824
5,420	0,029	-0,992	-0,220	-1,678	3,906	-0,031
5,430	0,025	-0,993	-0,210	-1,617	5,920	0,763
5,440	0,020	-0,989	-0,203	-0,366	8,545	1,648
5,450	0,016	-0,983	-0,198	1,648	10,864	2,655
5,460	0,016	-0,975	-0,194	4,211	12,268	3,174
5,470	0,019	-0,973	-0,194	6,989	12,299	3,021
5,480	0,023	-0,977	-0,193	9,644	10,712	2,380
5,490	0,030	-0,980	-0,190	11,963	7,935	1,160
5,500	0,035	-0,982	-0,186	14,008	5,280	-0,580
5,510	0,036	-0,980	-0,182	15,839	3,662	-2,533
5,520	0,031	-0,980	-0,181	17,242	2,930	-4,303
5,530	0,021	-0,981	-0,186	18,616	2,563	-5,951
5,540	0,010	-0,981	-0,194	20,386	1,984	-7,416
5,550	0,001	-0,981	-0,205	22,491	0,763	-8,575
5,560	-0,003	-0,976	-0,213	24,170	-1,343	-9,186
5,570	-0,002	-0,970	-0,219	24,567	-3,998	-9,216
5,580	0,006	-0,968	-0,221	23,712	-6,714	-9,033
5,590	0,016	-0,969	-0,221	21,942	-8,698	-9,094
5,600	0,024	-0,971	-0,219	19,928	-9,338	-9,491
5,610	0,028	-0,970	-0,216	18,402	-8,606	-10,101
5,620	0,028	-0,967	-0,208	17,456	-7,416	-10,468
5,630	0,031	-0,967	-0,195	16,907	-6,531	-10,345
5,640	0,035	-0,971	-0,182	16,785	-5,798	-9,979
5,650	0,039	-0,975	-0,167	16,998	-5,096	-9,735
5,660	0,047	-0,976	-0,155	17,273	-4,578	-9,583
5,670	0,052	-0,976	-0,145	16,937	-3,937	-9,186
5,680	0,055	-0,979	-0,139	15,625	-2,991	-8,698
5,690	0,055	-0,981	-0,137	13,702	-2,106	-8,148
5,700	0,056	-0,979	-0,138	11,871	-1,740	-7,477
5,710	0,057	-0,973	-0,140	10,193	-1,373	-6,805
5,720	0,058	-0,970	-0,142	8,301	-0,854	-6,348
5,730	0,058	-0,973	-0,144	6,256	-0,305	-6,012
5,740	0,057	-0,980	-0,144	4,364	-0,092	-5,707
5,750	0,054	-0,984	-0,143	2,838	-0,366	-5,524
5,760	0,052	-0,984	-0,142	1,648	-1,099	-5,554
5,770	0,050	-0,983	-0,139	0,671	-1,953	-5,554
5,780	0,048	-0,981	-0,135	-0,031	-2,563	-5,493
5,790	0,048	-0,982	-0,132	-0,488	-2,625	-5,249
5,800	0,049	-0,981	-0,128	-0,305	-1,892	-4,944
5,810	0,049	-0,980	-0,125	0,580	-0,610	-4,669
5,820	0,049	-0,978	-0,123	2,075	1,038	-4,425
5,830	0,044	-0,977	-0,125	4,028	2,869	-4,333
5,840	0,037	-0,975	-0,128	6,256	4,059	-4,547
5,850	0,033	-0,975	-0,132	8,484	3,784	-4,883
5,860	0,034	-0,971	-0,133	10,406	2,533	-5,219
5,870	0,037	-0,969	-0,133	11,566	1,434	-5,493
5,880	0,039	-0,968	-0,130	11,841	0,824	-5,920
5,890	0,040	-0,970	-0,126	11,169	0,092	-6,470
5,900	0,040	-0,975	-0,120	9,766	-0,854	-6,927
5,910	0,040	-0,982	-0,110	8,026	-1,556	-7,019
5,920	0,039	-0,987	-0,101	6,134	-1,678	-6,439
5,930	0,038	-0,990	-0,093	4,303	-1,556	-5,157
5,940	0,037	-0,991	-0,089	3,113	-1,648	-3,357
5,950	0,039	-0,990	-0,092	2,808	-1,892	-1,404
5,960	0,043	-0,990	-0,096	3,265	-1,923	0,336
5,970	0,046	-0,992	-0,102	4,242	-1,343	1,740
5,980	0,046	-0,996	-0,107	5,432	-0,214	2,930
5,990	0,046	-1,002	-0,111	6,256	1,038	4,181
6,000	0,046	-1,009	-0,112	6,226	1,862	5,798
6,010	0,048	-1,011	-0,109	5,280	2,167	7,751
6,020	0,051	-1,010	-0,105	3,387	1,953	9,674
6,030	0,055	-1,007	-0,101	1,038	1,465	11,169
6,040	0,057	-1,002	-0,101	-0,702	1,465	12,024
6,050	0,056	-0,997	-0,102	-1,373	2,167	12,238
6,060	0,053	-0,993	-0,105	-0,885	3,082	11,963
6,070	0,047	-0,991	-0,110	0,763	3,967	11,444
6,080	0,042	-0,990	-0,115	3,052	4,547	10,742
6,090	0,040	-0,988	-0,120	5,341	4,547	9,918
6,100	0,039	-0,987	-0,124	7,080	4,303	8,881
6,110	0,036	-0,986	-0,126	8,087	4,089	7,538
6,120	0,032	-0,986	-0,127	8,453	3,998	5,951
6,130	0,028	-0,986	-0,129	8,423	3,662	4,303
6,140	0,025	-0,982	-0,132	7,996	3,052	3,021
6,150	0,022	-0,975	-0,135	7,080	2,716	2,106
6,160	0,018	-0,969	-0,137	5,646	2,930	1,556
6,170	0,014	-0,966	-0,137	3,967	3,326	1,251
6,180	0,014	-0,966	-0,133	2,258	3,387	1,068
6,190	0,015	-0,969	-0,128	0,549	2,747	0,763
6,200	0,016	-0,969	-0,125	-0,916	1,556	0,061
6,210	0,016	-0,966	-0,124	-1,892	0,031	-1,038
6,220	0,015	-0,962	-0,123	-2,350	-1,495	-2,228
6,230	0,015	-0,957	-0,123	-2,350	-2,411	-3,265
6,240	0,013	-0,953	-0,121	-1,953	-2,197	-4,028
6,250	0,008	-0,951	-0,119	-1,434	-1,129	-4,333
6,260	0,004	-0,955	-0,116	-1,129	-0,061	-4,089
6,270	0,002	-0,962	-0,115	-0,854	0,793	-3,387
6,280	-0,001	-0,968	-0,117	-0,366	1,221	-2,472
6,290	-0,000	-0,972	-0,118	0,427	0,763	-1,678
6,300	0,004	-0,972	-0,116	1,099	-0,519	-1,099
6,310	0,012	-0,972	-0,114	1,343	-1,892	-0,702
6,320	0,019	-0,976	-0,109	1,190	-2,838	-0,702
6,330	0,024	-0,983	-0,102	0,824	-3,174	-0,854
6,340	0,027	-0,990	-0,094	0,092	-2,960	-0,885
6,350	0,029	-0,993	-0,086	-1,068	-2,563	-0,519
6,360	0,029	-0,994	-0,079	-2,197	-2,167	0,092
6,370	0,030	-0,993	-0,074	-2,869	-1,740	0,793
6,380	0,032	-0,992	-0,069	-2,960	-1,434	1,434
6,390	0,034	-0,995	-0,065	-2,502	-1,190	1,923
6,400	0,037	-0,996	-0,063	-1,709	-0,977	2,045
6,410	0,037	-0,999	-0,060	-0,946	-0,580	2,014
6,420	0,034	-1,001	-0,060	-0,305	0,183	1,953
6,430	0,029	-1,004	-0,062	0,244	1,007	2,075
6,440	0,024	-1,005	-0,065	0,824	1,587	2,411
6,450	0,022	-1,007	-0,068	1,495	1,740	2,930
6,460	0,021	-1,007	-0,070	1,923	1,465	3,387
6,470	0,024	-1,006	-0,071	1,678	0,824	3,754
6,480	0,028	-1,004	-0,073	0,946	0,092	4,028
6,490	0,029	-1,000	-0,077	0,305	-0,305	3,906
6,500	0,028	-0,994	-0,081	0,336	-0,580	3,174
6,510	0,027	-0,987	-0,085	1,312	-0,824	2,014
6,520	0,026	-0,980	-0,087	2,625	-0,824	0,732
6,530	0,022	-0,978	-0,090	3,693	-0,580	-0,305
6,540	0,018	-0,978	-0,093	4,211	-0,275	-0,793
6,550	0,017	-0,979	-0,095	4,120	-0,244	-0,641
6,560	0,019	-0,978	-0,098	3,479	-0,488	-0,183
6,570	0,022	-0,978	-0,101	2,502	-0,763	-0,031
6,580	0,024	-0,980	-0,102	1,495	-0,977	-0,488
6,590	0,024	-0,981	-0,101	0,702	-1,099	-1,556
6,600	0,022	-0,980	-0,100	0,183	-1,160	-2,838
6,610	0,021	-0,980	-0,095	-0,305	-1,434	-4,089
6,620	0,020	-0,978	-0,089	-0,916	-1,923	-5,096
6,630	0,020	-0,978	-0,084	-1,495	-2,502	-5,737
6,640	0,019	-0,977	-0,080	-1,801	-3,235	-6,165
6,650	0,023	-0,980	-0,076	-1,740	-4,272	-6,622
6,660	0,027	-0,983	-0,075	-1,221	-4,852	-7,233
6,670	0,030	-0,986	-0,075	-0,702	-5,005	-7,904
6,680	0,031	-0,988	-0,075	-0,336	-4,883	-8,270
6,690	0,030	-0,986	-0,076	-0,336	-4,700	-8,179
6,700	0,030	-0,983	-0,078	-0,885	-4,700	-7,568
6,710	0,032	-0,981	-0,081	-1,801	-4,852	-6,714
6,720	0,034	-0,980	-0,083	-2,563	-4,913	-5,951
6,730	0,037	-0,979	-0,087	-2,777	-4,730	-5,524
6,740	0,040	-0,978	-0,092	-2,289	-4,211	-5,554
6,750	0,041	-0,978	-0,094	-1,404	-3,510	-5,859
6,760	0,042	-0,980	-0,097	-0,610	-2,838	-6,378
6,770	0,041	-0,982	-0,100	-0,061	-2,136	-7,050
6,780	0,036	-0,980	-0,100	0,000	-1,434	-7,568
6,790	0,032	-0,979	-0,099	-0,519	-0,916	-7,599
6,800	0,028	-0,978	-0,099	-1,221	-0,397	-7,050
6,810	0,024	-0,977	-0,097	-1,770	0,366	-6,042
6,820	0,021	-0,978	-0,094	-1,831	1,312	-4,791
6,830	0,019	-0,977	-0,092	-1,495	2,289	-3,296
6,840	0,018	-0,978	-0,090	-1,099	2,960	-1,648
6,850	0,019	-0,979	-0,088	-0,854	3,082	0,092
6,860	0,022	-0,978	-0,090	-0,793	2,899	1,678
6,870	0,028	-0,975	-0,094	-0,671	2,594	2,808
6,880	0,034	-0,973	-0,099	-0,366	2,533	3,265
6,890	0,038	-0,972	-0,102	0,031	2,838	3,082
6,900	0,040	-0,970	-0,105	0,305	3,235	2,441
6,910	0,042	-0,969	-0,107	0,366	3,540	1,831
6,920	0,039	-0,967	-0,113	0,610	3,998	1,312
6,930	0,039	-0,963	-0,121	2,014	4,211	0,488
6,940	0,041	-0,953	-0,127	4,974	3,998	-0,702
6,950	0,044	-0,932	-0,128	8,331	3,418	-2,777
6,960	0,049	-0,910	-0,124	9,674	2,319	-5,371
6,970	0,052	-0,899	-0,120	8,179	0,763	-8,057
6,980	0,048	-0,884	-0,111	5,554	-1,862	-11,200
6,990	0,050	-0,857	-0,091	3,174	-6,348	-14,832
7,000	0,061	-0,823	-0,063	1,129	-10,834	-18,524
7,010	0,073	-0,776	-0,029	-0,488	-13,306	-23,041
7,020	0,079	-0,644	0,003	-2,319	-13,367	-28,198
7,030	0,062	-0,475	0,006	-4,303	-10,498	-27,588
7,040	0,051	-0,343	0,009	-6,470	-7,874	-25,055
7,050	0,042	-0,248	0,011	-8,026	-5,951	-23,193
7,060	0,037	-0,178	0,012	-9,186	-4,547	-21,820
7,070	0,032	-0,127	0,013	-10,010	-3,510	-20,844
7,080	0,030	-0,090	0,013	-10,620	-2,777	-20,142
7,090	0,027	-0,063	0,014	-11,108	-2,197	-19,623
7,100	0,025	-0,044	0,014	-11,444	-1,801	-19,257
7,110	0,023	-0,030	0,014	-11,688	-1,495	-19,012
7,120	0,023	-0,020	0,014	-11,871	-1,251	-18,860
7,130	0,022	-0,013	0,014	-12,054	-1,068	-18,738
7,140	0,022	-0,007	0,014	-12,177	-0,946	-18,677
7,150	0,021	-0,003	0,014	-12,299	-0,854	-18,677
7,160	0,021	0,000	0,015	-12,421	-0,793	-18,677
7,170	0,021	0,003	0,015	-12,512	-0,732	-18,677
7,180	0,021	0,004	0,015	-12,634	-0,671	-18,738
7,190	0,021	0,005	0,015	-12,726	-0,641	-18,829
7,200	0,021	0,005	0,015	-12,878	-0,610	-18,890
7,210	0,021	0,006	0,015	-13,031	-0,610	-18,982
7,220	0,020	0,006	0,015	-13,214	-0,580	-19,104
7,230	0,020	0,007	0,014	-13,397	-0,580	-19,196
7,240	0,021	0,007	0,014	-13,641	-0,610	-19,287
7,250	0,020	0,006	0,015	-13,916	-0,641	-19,379
7,260	0,020	0,007	0,015	-14,221	-0,671	-19,470
7,270	0,021	0,006	0,014	-14,587	-0,732	-19,562
7,280	0,021	0,006	0,013	-14,984	-0,824	-19,653
7,290	0,021	0,006	0,013	-15,381	-0,885	-19,775
7,300	0,021	0,006	0,013	-15,808	-0,946	-19,928
7,310	0,021	0,006	0,012	-16,266	-1,038	-20,050
7,320	0,021	0,006	0,012	-16,754	-1,129	-20,233
7,330	0,021	0,006	0,011	-17,273	-1,251	-20,416
7,340	0,022	0,005	0,011	-17,822	-1,373	-20,599
7,350	0,022	0,005	0,011	-18,433	-1,495	-20,752
7,360	0,022	0,004	0,010	-19,012	-1,678	-20,966
7,370	0,023	0,004	0,010	-19,592	-1,862	-21,149
7,380	0,023	0,004	0,009	-20,203	-2,075	-21,393
7,390	0,023	0,004	0,009	-20,844	-2,289	-21,637
7,400	0,023	0,003	0,007	-21,484	-2,472	-21,912
7,410	0,023	0,003	0,007	-22,125	-2,716	-22,217
7,420	0,023	0,002	0,007	-22,827	-2,991	-22,522
7,430	0,024	0,002	0,006	-23,468	-3,235	-22,827
7,440	0,025	0,001	0,005	-24,170	-3,448	-23,132
7,450	0,025	0,001	0,004	-24,994	-3,693	-23,499
7,460	0,026	0,001	0,003	-25,879	-3,937	-23,895
7,470	0,026	0,001	0,002	-26,764	-4,272	-24,353
7,480	0,026	0,001	0,002	-27,557	-4,608	-24,811
7,490	0,026	0,001	0,002	-28,351	-4,913	-25,238
7,500	0,026	0,001	0,000	-29,297	-5,127	-25,665
7,510	0,027	0,001	-0,002	-30,487	-5,249	-26,031
7,520	0,026	0,001	-0,004	-31,830	-5,402	-26,367
7,530	0,026	0,002	-0,005	-33,386	-5,676	-26,642
7,540	-0,212	-1,577	-0,528	-35,645	-2,258	-31,921
7,550	0,001	-3,611	-0,981	-55,908	71,289	-134,613
7,560	1,311	-4,789	-1,516	-32,532	180,389	-265,411
7,570	4,211	-4,783	-2,003	5,371	145,691	-202,484
7,580	2,449	-4,566	-1,255	53,925	94,757	-76,477
7,590	1,788	-3,692	-0,884	133,911	55,176	52,307
7,600	1,113	-3,030	-0,534	170,685	34,180	106,110
7,610	0,860	-2,586	-0,132	169,495	45,502	81,635
7,620	0,700	-2,289	-0,006	154,602	93,353	40,222
7,630	0,636	-1,963	0,070	136,780	130,554	5,371
7,640	0,579	-1,663	0,092	121,735	150,726	-14,221
7,650	0,557	-1,487	0,078	105,255	157,074	-22,766
7,660	0,589	-1,471	0,040	90,240	149,170	-25,146
7,670	0,649	-1,590	0,012	79,956	131,683	-22,156
7,680	0,661	-1,710	0,014	74,158	114,380	-12,634
7,690	0,629	-1,743	0,036	71,045	100,769	-0,092
7,700	0,582	-1,739	0,068	69,153	89,294	8,209
7,710	0,542	-1,760	0,090	69,794	79,651	11,658
7,720	0,527	-1,816	0,094	72,571	73,212	12,024
7,730	0,531	-1,917	0,084	75,806	71,045	11,841
7,740	0,566	-2,049	0,086	79,987	68,848	12,421
7,750	0,637	-2,115	0,118	83,130	62,653	14,374
7,760	0,721	-2,111	0,184	80,597	55,756	17,212
7,770	0,780	-2,111	0,291	70,801	53,619	21,606
7,780	0,756	-2,156	0,421	63,171	52,704	24,445
7,790	0,705	-2,103	0,513	62,225	41,016	23,407
7,800	0,681	-2,003	0,600	57,526	22,614	21,484
7,810	0,671	-1,921	0,664	46,326	8,087	20,660
7,820	0,638	-1,833	0,685	32,562	-1,038	20,599
7,830	0,586	-1,727	0,689	18,402	-8,606	21,271
7,840	0,515	-1,633	0,651	4,517	-16,632	21,210
7,850	0,455	-1,552	0,582	-7,751	-25,238	18,951
7,860	0,416	-1,484	0,499	-17,029	-32,288	13,275
7,870	0,405	-1,427	0,425	-23,041	-36,957	4,486
7,880	0,428	-1,376	0,369	-25,330	-39,124	-6,134
7,890	0,467	-1,318	0,323	-23,865	-37,628	-17,212
7,900	0,504	-1,244	0,284	-19,592	-32,471	-26,123
7,910	0,522	-1,160	0,258	-14,526	-24,506	-31,219
7,920	0,506	-1,095	0,247	-10,956	-14,954	-33,051
7,930	0,464	-1,057	0,240	-9,430	-5,829	-33,142
7,940	0,412	-1,030	0,227	-9,094	0,671	-32,104
7,950	0,370	-1,010	0,208	-9,064	2,960	-30,212
7,960	0,348	-0,991	0,188	-8,453	1,617	-27,802
7,970	0,344	-0,971	0,172	-6,592	-2,258	-24,475
7,980	0,354	-0,948	0,169	-4,089	-7,629	-19,531
7,990	0,365	-0,914	0,176	-1,129	-13,519	-13,306
8,000	0,362	-0,879	0,187	1,129	-18,555	-6,622
8,010	0,344	-0,854	0,204	1,770	-21,973	-0,488
8,020	0,322	-0,823	0,213	1,343	-23,560	3,967
8,030	0,302	-0,791	0,214	0,427	-22,949	5,951
8,040	0,289	-0,769	0,211	0,000	-20,599	6,012
8,050	0,278	-0,758	0,209	-0,092	-17,548	5,371
8,060	0,270	-0,760	0,212	-0,854	-14,160	5,249
8,070	0,260	-0,766	0,210	-2,045	-10,437	5,554
8,080	0,245	-0,768	0,200	-3,174	-7,080	5,402
8,090	0,234	-0,769	0,186	-3,906	-4,913	4,242
8,100	0,239	-0,777	0,171	-3,754	-3,937	1,709
8,110	0,261	-0,790	0,159	-2,289	-3,296	-1,404
8,120	0,295	-0,802	0,156	-0,183	-2,228	-3,601
8,130	0,329	-0,813	0,167	1,312	-0,519	-3,784
8,140	0,347	-0,824	0,185	1,312	1,984	-1,312
8,150	0,343	-0,832	0,201	-0,549	4,150	3,204
8,160	0,327	-0,838	0,207	-3,754	4,425	8,850
8,170	0,310	-0,845	0,202	-7,477	3,052	14,709
8,180	0,298	-0,853	0,187	-10,742	0,977	19,806
8,190	0,294	-0,859	0,167	-12,390	-1,465	23,621
8,200	0,301	-0,869	0,150	-12,268	-4,089	25,726
8,210	0,313	-0,882	0,140	-10,803	-6,165	26,215
8,220	0,320	-0,898	0,138	-8,484	-6,439	25,269
8,230	0,315	-0,918	0,142	-6,256	-4,974	23,163
8,240	0,301	-0,943	0,152	-4,883	-3,082	20,233
8,250	0,284	-0,968	0,167	-5,005	-1,709	16,693
8,260	0,270	-0,983	0,180	-6,409	-1,007	12,634
8,270	0,264	-0,987	0,183	-8,270	-0,977	8,453
8,280	0,268	-0,987	0,180	-9,888	-1,343	4,974
8,290	0,278	-0,985	0,176	-10,742	-1,678	2,655
8,300	0,290	-0,979	0,177	-10,834	-2,045	1,740
8,310	0,300	-0,968	0,179	-10,315	-2,319	1,862
8,320	0,305	-0,958	0,181	-9,430	-1,923	2,380
8,330	0,305	-0,953	0,180	-8,606	-1,282	3,021
8,340	0,302	-0,955	0,182	-8,179	-0,519	3,540
8,350	0,293	-0,966	0,184	-8,301	0,519	3,601
8,360	0,284	-0,980	0,184	-8,575	1,068	3,143
8,370	0,283	-0,991	0,183	-8,392	0,732	2,258
8,380	0,288	-0,996	0,180	-7,843	0,305	1,099
8,390	0,297	-0,997	0,177	-6,989	0,153	-0,214
8,400	0,306	-0,992	0,174	-5,859	0,336	-1,099
8,410	0,311	-0,985	0,174	-4,822	0,793	-1,373
8,420	0,313	-0,981	0,177	-4,272	1,221	-1,282
8,430	0,311	-0,981	0,183	-4,364	1,495	-1,404
8,440	0,304	-0,978	0,189	-4,639	1,343	-2,075
8,450	0,297	-0,968	0,192	-4,852	0,641	-2,930
8,460	0,293	-0,957	0,190	-4,730	-0,580	-3,662
8,470	0,294	-0,948	0,186	-4,150	-1,953	-3,967
8,480	0,297	-0,941	0,183	-3,357	-3,143	-3,723
8,490	0,299	-0,934	0,183	-2,441	-3,845	-3,235
8,500	0,300	-0,927	0,184	-1,526	-4,181	-2,686
8,510	0,303	-0,923	0,188	-0,793	-4,333	-1,892
8,520	0,307	-0,923	0,192	-0,427	-4,333	-0,793
8,530	0,310	-0,927	0,197	-0,702	-4,181	0,336
8,540	0,310	-0,929	0,200	-1,495	-4,120	1,190
8,550	0,311	-0,931	0,199	-2,563	-4,181	1,495
8,560	0,312	-0,930	0,192	-3,357	-4,120	1,129
8,570	0,313	-0,926	0,180	-3,510	-3,845	0,275
8,580	0,311	-0,921	0,168	-3,113	-3,510	-0,702
8,590	0,306	-0,916	0,162	-2,319	-3,052	-1,801
8,600	0,301	-0,913	0,159	-1,282	-2,808	-2,960
8,610	0,295	-0,913	0,160	-0,366	-2,808	-3,967
8,620	0,291	-0,914	0,163	0,336	-3,082	-4,486
8,630	0,287	-0,917	0,166	0,732	-3,540	-4,517
8,640	0,282	-0,917	0,167	0,854	-4,150	-4,181
8,650	0,280	-0,918	0,167	0,671	-4,974	-3,357
8,660	0,283	-0,923	0,166	0,214	-5,981	-2,197
8,670	0,293	-0,931	0,168	-0,336	-6,927	-1,099
8,680	0,302	-0,936	0,168	-0,885	-7,263	-0,366
8,690	0,308	-0,935	0,167	-1,160	-6,958	-0,244
8,700	0,312	-0,928	0,163	-1,068	-6,226	-0,488
8,710	0,312	-0,923	0,157	-0,610	-5,341	-0,824
8,720	0,311	-0,923	0,153	0,000	-4,333	-0,946
8,730	0,306	-0,925	0,154	0,427	-3,296	-0,824
8,740	0,297	-0,931	0,158	0,671	-2,563	-0,702
8,750	0,288	-0,942	0,164	0,732	-2,411	-0,793
8,760	0,282	-0,953	0,167	0,519	-2,869	-1,343
8,770	0,280	-0,958	0,170	0,244	-3,601	-2,625
8,780	0,281	-0,954	0,170	0,336	-4,150	-4,364
8,790	0,283	-0,943	0,169	0,916	-4,364	-6,226
8,800	0,286	-0,933	0,169	2,014	-4,425	-7,812
8,810	0,292	-0,927	0,163	3,113	-4,211	-8,728
8,820	0,302	-0,924	0,154	3,967	-2,808	-8,606
8,830	0,314	-0,931	0,148	5,127	-1,160	-7,904
8,840	0,317	-0,939	0,146	6,012	0,458	-6,927
8,850	0,316	-0,949	0,147	5,066	2,197	-6,348
8,860	0,319	-0,939	0,145	1,221	6,256	-5,005
8,870	0,313	-0,942	0,140	-3,906	12,299	-3,357
8,880	0,297	-0,949	0,133	-6,226	16,876	-2,136
8,890	0,286	-0,948	0,129	-4,791	18,494	-1,556
8,900	0,283	-0,945	0,129	-1,129	18,036	-1,740
8,910	0,291	-0,953	0,137	2,228	16,998	-1,801
8,920	0,302	-0,969	0,150	3,876	16,113	-1,221
8,930	0,304	-0,976	0,159	3,662	15,656	-0,275
8,940	0,300	-0,979	0,167	1,953	15,076	0,244
8,950	0,294	-0,979	0,170	-0,153	13,947	-0,336
8,960	0,291	-0,974	0,171	-1,617	12,177	-2,075
8,970	0,294	-0,964	0,170	-2,075	9,918	-4,517
8,980	0,306	-0,955	0,170	-1,556	7,599	-7,202
8,990	0,326	-0,948	0,174	-0,946	5,737	-9,521
9,000	0,344	-0,944	0,182	-0,641	5,005	-10,651
9,010	0,347	-0,938	0,187	0,061	5,432	-10,498
9,020	0,344	-0,930	0,193	0,122	5,951	-9,186
9,030	0,339	-0,930	0,202	-0,519	6,409	-7,355
9,040	0,333	-0,933	0,208	-0,824	6,744	-5,890
9,050	0,330	-0,932	0,213	-0,641	6,439	-5,432
9,060	0,333	-0,928	0,219	-0,336	5,280	-6,042
9,070	0,342	-0,921	0,221	-0,336	3,937	-7,141
9,080	0,353	-0,913	0,222	-1,282	2,899	-7,629
9,090	0,359	-0,905	0,223	-2,838	2,289	-6,866
9,100	0,355	-0,898	0,225	-4,120	1,526	-4,791
9,110	0,344	-0,892	0,223	-5,005	-0,214	-1,648
9,120	0,335	-0,894	0,216	-5,981	-2,716	2,197
9,130	0,328	-0,905	0,206	-7,843	-4,486	6,592
9,140	0,316	-0,928	0,196	-10,162	-5,188	10,437
9,150	0,318	-0,957	0,185	-11,414	-6,195	11,688
9,160	0,336	-0,983	0,173	-10,742	-6,714	10,590
9,170	0,353	-1,008	0,164	-9,155	-5,859	8,087
9,180	0,361	-1,031	0,162	-7,965	-3,662	4,852
9,190	0,359	-1,044	0,161	-7,202	-0,885	1,648
9,200	0,359	-1,051	0,162	-6,531	1,495	-0,916
9,210	0,369	-1,055	0,160	-5,859	3,265	-2,808
9,220	0,388	-1,061	0,158	-5,707	5,219	-4,364
9,230	0,404	-1,074	0,158	-6,073	7,874	-5,219
9,240	0,408	-1,089	0,168	-6,683	10,559	-4,913
9,250	0,402	-1,102	0,186	-6,866	11,810	-3,632
9,260	0,393	-1,114	0,199	-6,042	10,956	-1,709
9,270	0,386	-1,136	0,212	-5,310	8,942	0,427
9,280	0,379	-1,176	0,229	-5,219	5,920	2,167
9,290	0,375	-1,216	0,240	-5,463	2,319	3,113
9,300	0,367	-1,250	0,243	-5,432	-1,709	3,235
9,310	0,359	-1,272	0,239	-5,066	-5,615	3,571
9,320	0,354	-1,283	0,232	-4,211	-9,277	4,547
9,330	0,357	-1,288	0,233	-2,838	-12,909	6,409
9,340	0,365	-1,292	0,242	-1,495	-16,418	9,155
9,350	0,381	-1,307	0,258	-1,465	-19,806	12,634
9,360	0,403	-1,335	0,266	-3,235	-22,003	15,625
9,370	0,416	-1,352	0,267	-5,615	-22,247	17,120
9,380	0,420	-1,352	0,259	-7,660	-21,637	16,998
9,390	0,417	-1,337	0,241	-9,338	-19,928	15,869
9,400	0,406	-1,312	0,217	-10,010	-17,334	14,526
9,410	0,390	-1,282	0,195	-9,277	-14,648	13,428
9,420	0,379	-1,259	0,185	-8,148	-12,573	12,909
9,430	0,365	-1,246	0,181	-7,996	-10,712	12,512
9,440	0,347	-1,230	0,186	-8,942	-8,759	11,871
9,450	0,332	-1,208	0,194	-10,254	-7,477	11,169
9,460	0,322	-1,178	0,200	-11,688	-7,050	11,047
9,470	0,315	-1,150	0,193	-12,329	-7,996	11,810
9,480	0,308	-1,130	0,175	-11,414	-9,216	13,275
9,490	0,304	-1,114	0,152	-8,575	-10,620	15,015
9,500	0,306	-1,107	0,137	-3,815	-12,817	16,327
9,510	0,311	-1,105	0,137	1,984	-14,709	17,120
9,520	0,310	-1,105	0,146	7,172	-15,411	17,548
9,530	0,306	-1,113	0,160	10,223	-16,174	17,517
9,540	0,305	-1,133	0,174	9,796	-16,968	16,266
9,550	0,301	-1,147	0,182	6,744	-16,785	13,153
9,560	0,290	-1,141	0,178	3,113	-15,900	8,972
9,570	0,276	-1,105	0,172	0,397	-15,900	5,188
9,580	0,268	-1,059	0,165	-1,526	-17,639	3,387
9,590	0,267	-1,021	0,147	-2,808	-19,775	4,028
9,600	0,272	-0,995	0,131	-2,899	-22,339	6,866
9,610	0,286	-0,975	0,119	-1,556	-25,421	11,078
9,620	0,302	-0,958	0,114	0,702	-28,076	15,656
9,630	0,313	-0,944	0,114	3,326	-29,785	19,562
9,640	0,315	-0,931	0,109	5,768	-30,212	21,698
9,650	0,306	-0,928	0,101	7,233	-29,480	21,973
9,660	0,291	-0,937	0,098	7,690	-27,832	20,325
9,670	0,265	-0,949	0,094	8,209	-25,330	16,571
9,680	0,237	-0,955	0,093	8,850	-22,675	11,932
9,690	0,216	-0,959	0,088	8,698	-20,142	6,836
9,700	0,213	-0,962	0,080	8,484	-17,822	0,671
9,710	0,243	-0,963	0,079	8,820	-16,327	-5,829
9,720	0,285	-0,954	0,083	9,491	-13,977	-10,406
9,730	0,310	-0,931	0,093	10,437	-10,193	-12,177
9,740	0,306	-0,898	0,108	12,177	-7,874	-11,932
9,750	0,293	-0,870	0,111	15,289	-8,636	-9,369
9,760	0,278	-0,868	0,091	20,294	-10,468	-4,608
9,770	0,278	-0,886	0,088	25,482	-11,627	0,671
9,780	0,295	-0,908	0,100	26,154	-11,780	5,249
9,790	0,303	-0,902	0,133	21,576	-11,566	7,812
9,800	0,313	-0,871	0,157	14,313	-12,970	9,521
9,810	0,306	-0,836	0,157	8,209	-15,594	12,115
9,820	0,286	-0,820	0,140	6,226	-19,562	15,533
9,830	0,263	-0,828	0,127	7,690	-23,834	17,883
9,840	0,235	-0,836	0,112	11,108	-27,710	19,043
9,850	0,213	-0,846	0,098	14,160	-31,006	19,440
9,860	0,208	-0,855	0,102	14,648	-32,257	19,470
9,870	0,203	-0,854	0,124	10,559	-32,104	19,775
9,880	0,204	-0,851	0,142	4,059	-31,128	19,684
9,890	0,217	-0,839	0,143	-1,251	-29,205	19,531
9,900	0,240	-0,834	0,137	-4,547	-25,787	19,928
9,910	0,246	-0,843	0,118	-6,439	-20,935	21,484
9,920	0,248	-0,855	0,095	-7,050	-15,198	23,712
9,930	0,241	-0,864	0,083	-6,287	-10,101	26,367
9,940	0,223	-0,877	0,088	-4,883	-8,209	29,816
9,950	0,179	-0,889	0,104	-4,028	-9,827	32,990
9,960	0,133	-0,898	0,125	-3,204	-15,167	33,997
9,970	0,111	-0,889	0,138	-1,343	-22,461	31,708
9,980	0,111	-0,881	0,151	0,793	-28,473	26,978
9,990	0,119	-0,899	0,177	0,732	-32,349	21,545
