potential human fall at 5 s						
	Acceleration [g]			Rotation [dps]		
Time [s]	AX	AY	AZ	GX	GY	GZ
0,000	-0,633	0,469	-0,449	21,301	66,803	-17,334
0,010	-0,673	0,510	-0,525	15,289	66,193	-16,022
0,020	-0,730	0,548	-0,601	6,348	67,535	-9,399
0,030	-0,779	0,551	-0,629	-0,946	66,101	-0,549
0,040	-0,803	0,538	-0,637	-5,157	61,005	9,277
0,050	-0,794	0,520	-0,635	-8,057	53,284	18,463
0,060	-0,757	0,509	-0,636	-11,688	45,563	26,062
0,070	-0,720	0,490	-0,640	-16,022	39,856	31,738
0,080	-0,689	0,501	-0,641	-20,935	36,621	36,530
0,090	-0,638	0,534	-0,625	-27,252	36,194	39,642
0,100	-0,569	0,547	-0,583	-33,386	37,781	40,100
0,110	-0,530	0,554	-0,538	-34,943	40,253	39,520
0,120	-0,547	0,532	-0,500	-30,670	41,382	38,788
0,130	-0,595	0,455	-0,465	-24,170	41,412	41,504
0,140	-0,644	0,385	-0,439	-17,090	42,175	50,903
0,150	-0,656	0,365	-0,448	-9,033	43,976	62,469
0,160	-0,617	0,412	-0,479	-0,916	45,044	69,641
0,170	-0,590	0,481	-0,517	4,120	46,356	70,801
0,180	-0,569	0,539	-0,551	5,829	48,431	67,902
0,190	-0,544	0,608	-0,600	6,104	52,917	64,209
0,200	-0,537	0,667	-0,649	5,005	57,343	58,868
0,210	-0,512	0,698	-0,627	5,524	59,662	48,615
0,220	-0,521	0,689	-0,644	9,155	61,066	33,783
0,230	-0,496	0,702	-0,664	12,756	58,197	19,287
0,240	-0,490	0,689	-0,677	12,024	52,277	7,355
0,250	-0,480	0,696	-0,678	8,301	44,739	0,153
0,260	-0,457	0,719	-0,683	2,655	39,337	-2,289
0,270	-0,430	0,739	-0,694	-4,913	36,835	-1,740
0,280	-0,409	0,736	-0,682	-12,177	37,170	1,312
0,290	-0,405	0,706	-0,648	-16,968	38,239	3,387
0,300	-0,419	0,659	-0,585	-17,731	39,703	2,777
0,310	-0,432	0,617	-0,546	-12,207	44,495	1,343
0,320	-0,445	0,609	-0,541	-2,319	52,032	1,526
0,330	-0,425	0,634	-0,563	8,636	61,310	9,155
0,340	-0,430	0,647	-0,587	18,555	72,968	21,881
0,350	-0,447	0,662	-0,607	28,351	88,043	41,138
0,360	-0,443	0,654	-0,638	41,748	106,720	67,200
0,370	-0,387	0,651	-0,642	53,101	127,167	96,466
0,380	-0,319	0,594	-0,636	61,523	145,020	118,622
0,390	-0,246	0,514	-0,630	71,350	157,623	131,683
0,400	-0,173	0,488	-0,669	81,390	163,971	135,529
0,410	-0,104	0,475	-0,725	84,625	163,910	125,214
0,420	-0,026	0,481	-0,755	81,635	159,485	103,760
0,430	0,034	0,488	-0,757	77,362	151,276	80,261
0,440	0,108	0,462	-0,765	76,508	138,489	58,411
0,450	0,200	0,440	-0,796	81,787	123,932	39,368
0,460	0,268	0,452	-0,858	90,302	109,894	21,393
0,470	0,335	0,483	-0,922	96,436	93,842	5,035
0,480	0,388	0,503	-0,992	95,734	75,195	-9,918
0,490	0,385	0,474	-1,047	87,341	60,516	-24,780
0,500	0,337	0,436	-1,044	75,287	52,979	-38,757
0,510	0,248	0,392	-0,983	67,200	51,239	-52,063
0,520	0,130	0,386	-0,902	67,200	52,368	-62,531
0,530	0,002	0,442	-0,862	75,897	56,183	-66,162
0,540	-0,055	0,458	-0,833	91,461	62,408	-57,343
0,550	-0,087	0,432	-0,808	107,574	65,063	-44,769
0,560	-0,124	0,421	-0,806	121,796	61,096	-34,302
0,570	-0,171	0,438	-0,812	131,256	50,781	-23,590
0,580	-0,222	0,434	-0,845	133,820	34,607	-10,437
0,590	-0,222	0,384	-0,917	133,057	15,961	2,136
0,600	-0,197	0,339	-1,035	132,416	3,815	9,949
0,610	-0,160	0,313	-1,153	127,655	3,998	18,860
0,620	-0,129	0,290	-1,202	116,943	12,482	31,555
0,630	-0,100	0,275	-1,170	104,767	22,003	45,166
0,640	-0,076	0,233	-1,094	95,215	28,107	57,465
0,650	-0,059	0,201	-1,027	90,149	29,480	68,542
0,660	-0,051	0,161	-0,972	87,036	25,726	78,369
0,670	-0,067	0,116	-0,940	85,449	19,409	89,172
0,680	-0,068	0,100	-0,921	85,815	10,742	101,196
0,690	-0,042	0,101	-0,932	88,013	1,038	110,565
0,700	-0,012	0,080	-0,980	90,424	-7,019	117,676
0,710	-0,003	0,106	-1,046	91,339	-10,376	124,023
0,720	-0,000	0,197	-1,086	83,954	-7,782	123,871
0,730	-0,009	0,241	-1,099	63,965	2,258	115,112
0,740	-0,014	0,209	-1,092	37,720	16,144	100,952
0,750	-0,015	0,132	-1,077	13,000	29,541	89,142
0,760	-0,003	0,094	-1,059	-4,852	41,748	82,001
0,770	0,039	0,114	-1,055	-16,785	53,131	76,935
0,780	0,105	0,133	-1,048	-25,848	62,103	71,686
0,790	0,181	0,158	-1,040	-31,311	68,298	66,315
0,800	0,250	0,182	-1,028	-34,668	73,151	60,822
0,810	0,283	0,173	-1,012	-39,124	76,416	55,634
0,820	0,289	0,152	-1,001	-43,610	77,911	51,666
0,830	0,291	0,119	-1,009	-48,035	78,003	48,157
0,840	0,284	0,100	-1,013	-52,795	76,477	45,807
0,850	0,245	0,070	-1,008	-55,817	71,320	44,373
0,860	0,177	0,008	-0,997	-55,511	61,768	44,617
0,870	0,123	-0,022	-0,973	-53,497	51,788	48,309
0,880	0,112	0,019	-0,938	-50,568	44,952	52,826
0,890	0,167	0,128	-0,915	-46,570	41,290	54,504
0,900	0,258	0,224	-0,933	-42,694	41,870	49,255
0,910	0,340	0,253	-0,965	-39,001	43,488	40,802
0,920	0,384	0,256	-0,970	-35,248	45,197	34,515
0,930	0,397	0,263	-0,933	-30,792	47,211	30,182
0,940	0,383	0,298	-0,876	-25,208	48,553	25,574
0,950	0,345	0,309	-0,874	-19,440	47,913	19,348
0,960	0,303	0,294	-0,891	-16,937	44,250	13,000
0,970	0,277	0,292	-0,909	-17,975	39,154	9,308
0,980	0,272	0,283	-0,927	-20,081	32,898	7,050
0,990	0,284	0,295	-0,950	-20,264	26,062	6,134
1,000	0,284	0,334	-0,987	-21,484	18,524	4,517
1,010	0,277	0,294	-1,001	-26,642	9,796	3,693
1,020	0,310	0,239	-0,952	-30,884	6,226	8,179
1,030	0,323	0,211	-0,928	-30,243	8,698	12,390
1,040	0,296	0,204	-0,924	-23,743	11,475	12,146
1,050	0,265	0,232	-0,942	-16,296	13,580	9,827
1,060	0,267	0,254	-0,953	-11,200	15,045	6,683
1,070	0,282	0,268	-0,955	-9,003	16,510	4,730
1,080	0,300	0,276	-0,939	-8,972	18,097	4,913
1,090	0,318	0,280	-0,913	-10,498	18,921	6,836
1,100	0,322	0,301	-0,880	-13,092	18,280	10,468
1,110	0,333	0,283	-0,852	-17,700	15,045	16,479
1,120	0,357	0,242	-0,805	-23,956	9,552	19,196
1,130	0,358	0,223	-0,729	-30,426	2,716	17,181
1,140	0,343	0,234	-0,658	-33,783	-6,226	17,792
1,150	0,363	0,209	-0,690	-32,013	-16,815	24,048
1,160	0,411	0,196	-0,803	-26,520	-19,928	28,198
1,170	0,434	0,217	-0,892	-20,508	-16,754	26,306
1,180	0,421	0,248	-0,940	-15,320	-17,578	22,339
1,190	0,386	0,236	-0,960	-10,895	-21,881	17,914
1,200	0,366	0,188	-0,967	-4,517	-25,024	13,367
1,210	0,356	0,172	-0,992	5,798	-25,024	6,958
1,220	0,334	0,217	-1,029	17,151	-27,740	1,434
1,230	0,341	0,278	-1,059	26,398	-31,982	0,031
1,240	0,355	0,369	-1,100	37,872	-34,180	4,913
1,250	0,382	0,449	-1,189	50,873	-30,121	16,266
1,260	0,443	0,464	-1,298	62,225	-16,876	29,175
1,270	0,493	0,469	-1,408	70,465	3,357	38,544
1,280	0,525	0,494	-1,510	75,073	24,963	43,671
1,290	0,538	0,522	-1,560	74,677	43,671	46,295
1,300	0,539	0,529	-1,553	68,115	55,542	46,082
1,310	0,532	0,515	-1,511	56,610	58,716	43,213
1,320	0,527	0,493	-1,439	41,779	54,504	38,544
1,330	0,531	0,466	-1,324	26,154	45,593	33,203
1,340	0,527	0,435	-1,191	12,756	34,729	27,985
1,350	0,518	0,418	-1,060	2,686	23,895	22,705
1,360	0,506	0,404	-0,941	-5,432	15,045	17,303
1,370	0,487	0,391	-0,841	-12,207	8,820	11,749
1,380	0,466	0,374	-0,755	-17,700	4,913	6,531
1,390	0,436	0,356	-0,686	-22,125	3,052	2,136
1,400	0,397	0,339	-0,626	-25,574	2,167	-1,312
1,410	0,359	0,323	-0,579	-28,381	1,129	-3,967
1,420	0,326	0,309	-0,549	-30,304	-1,038	-6,378
1,430	0,297	0,299	-0,522	-31,342	-4,364	-8,942
1,440	0,271	0,288	-0,501	-31,219	-9,583	-12,085
1,450	0,257	0,278	-0,489	-30,396	-16,296	-15,808
1,460	0,254	0,256	-0,483	-29,297	-23,315	-19,775
1,470	0,250	0,234	-0,478	-27,740	-29,205	-23,529
1,480	0,246	0,215	-0,481	-26,917	-33,203	-26,520
1,490	0,243	0,184	-0,485	-27,283	-35,400	-28,290
1,500	0,233	0,149	-0,488	-28,442	-35,858	-28,839
1,510	0,221	0,117	-0,481	-29,816	-35,583	-28,290
1,520	0,206	0,089	-0,463	-30,243	-35,950	-26,978
1,530	0,184	0,068	-0,447	-28,595	-37,018	-25,391
1,540	0,167	0,061	-0,433	-26,581	-36,591	-24,109
1,550	0,158	0,049	-0,411	-26,154	-33,142	-22,766
1,560	0,146	0,029	-0,358	-26,581	-27,130	-21,454
1,570	0,118	-0,007	-0,280	-26,703	-19,562	-20,416
1,580	0,069	-0,044	-0,172	-25,085	-11,993	-19,989
1,590	-0,003	-0,083	-0,059	-20,569	-5,920	-19,684
1,600	-0,084	-0,108	0,038	-12,817	-3,998	-18,799
1,610	-0,147	-0,132	0,137	-5,707	-7,050	-16,327
1,620	-0,214	-0,195	0,267	-0,305	-15,289	-12,451
1,630	-0,281	-0,297	0,414	6,683	-28,442	-7,751
1,640	-0,350	-0,446	0,601	17,944	-46,600	-3,143
1,650	-0,428	-0,645	0,780	37,445	-66,376	1,953
1,660	0,588	-0,041	-2,734	78,857	-116,150	8,789
1,670	1,250	0,241	-5,050	137,756	-333,130	-25,604
1,680	0,357	-0,232	-4,335	53,528	-256,287	-55,206
1,690	-0,114	0,071	-2,285	5,127	-120,728	-0,671
1,700	-0,476	-0,275	-1,278	-6,226	-70,190	21,362
1,710	-0,447	-0,127	-1,448	13,123	-71,716	32,257
1,720	-0,262	-0,033	-1,919	19,745	-76,080	32,715
1,730	-0,232	-0,013	-1,665	11,230	-55,573	33,722
1,740	-0,075	0,136	-1,113	11,658	-29,877	36,377
1,750	0,222	0,165	-1,132	19,714	-22,919	37,476
1,760	0,339	0,228	-1,204	27,893	-22,461	33,569
1,770	0,291	0,180	-1,069	29,633	-16,998	25,574
1,780	0,251	0,118	-1,031	34,271	-17,670	15,411
1,790	0,213	0,093	-1,093	37,933	-21,484	5,249
1,800	0,135	0,074	-1,086	35,065	-21,362	-2,075
1,810	0,048	0,055	-1,051	29,053	-20,081	-5,585
1,820	-0,010	0,066	-1,055	23,376	-18,829	-6,592
1,830	-0,021	0,100	-1,058	18,188	-15,900	-5,737
1,840	-0,017	0,111	-1,041	14,343	-11,322	-4,089
1,850	0,001	0,118	-1,025	12,115	-6,866	-2,930
1,860	0,028	0,109	-1,025	10,193	-3,448	-2,228
1,870	0,047	0,097	-1,023	7,782	-0,885	-1,770
1,880	0,051	0,097	-1,010	4,822	0,854	-1,312
1,890	0,052	0,099	-1,004	1,770	0,671	-0,641
1,900	0,059	0,108	-1,004	-0,885	-0,488	0,397
1,910	0,062	0,110	-1,000	-3,296	-1,038	1,251
1,920	0,059	0,109	-0,998	-4,883	-1,434	1,587
1,930	0,053	0,105	-0,996	-5,219	-1,709	1,038
1,940	0,041	0,116	-1,002	-4,822	-1,373	-0,397
1,950	0,026	0,124	-1,002	-4,120	-0,092	-1,740
1,960	0,018	0,136	-0,997	-3,723	0,824	-2,594
1,970	0,014	0,140	-0,997	-3,967	1,709	-2,625
1,980	0,023	0,137	-1,002	-5,188	3,204	-1,923
1,990	0,038	0,130	-1,001	-6,927	4,456	-0,488
2,000	0,052	0,123	-0,993	-8,942	4,578	0,916
2,010	0,066	0,117	-0,992	-10,406	3,845	2,075
2,020	0,073	0,117	-1,000	-11,292	2,991	2,777
2,030	0,067	0,118	-1,012	-12,207	2,869	2,686
2,040	0,048	0,118	-1,006	-13,092	3,815	1,984
2,050	0,032	0,127	-0,988	-13,031	5,219	1,190
2,060	0,027	0,144	-0,981	-11,658	5,615	0,519
2,070	0,037	0,163	-0,982	-10,132	5,768	0,305
2,080	0,051	0,174	-0,987	-9,125	6,592	0,488
2,090	0,065	0,175	-0,985	-8,698	7,416	0,885
2,100	0,075	0,163	-0,981	-8,209	8,026	1,282
2,110	0,074	0,150	-0,973	-7,446	7,721	1,282
2,120	0,068	0,137	-0,968	-5,798	6,226	0,763
2,130	0,066	0,135	-0,970	-3,418	3,723	-0,305
2,140	0,069	0,150	-0,980	-1,495	1,526	-1,068
2,150	0,068	0,163	-0,985	-0,916	0,763	-0,793
2,160	0,064	0,167	-0,980	-1,312	0,702	0,153
2,170	0,064	0,165	-0,978	-1,465	0,275	0,885
2,180	0,064	0,157	-0,989	-1,373	0,244	0,946
2,190	0,059	0,143	-0,999	-1,587	1,068	0,305
2,200	0,059	0,129	-0,998	-2,197	1,984	-0,793
2,210	0,064	0,125	-0,990	-2,777	2,838	-2,106
2,220	0,068	0,128	-0,985	-3,113	3,754	-3,113
2,230	0,067	0,139	-0,984	-3,235	4,120	-3,540
2,240	0,071	0,154	-0,985	-3,418	3,571	-3,357
2,250	0,074	0,161	-0,984	-4,089	2,747	-2,747
2,260	0,072	0,162	-0,983	-4,791	1,923	-1,740
2,270	0,067	0,162	-0,985	-5,127	1,343	-0,916
2,280	0,065	0,163	-0,982	-5,280	1,312	-0,458
2,290	0,066	0,164	-0,979	-5,798	1,648	-0,549
2,300	0,074	0,158	-0,985	-6,470	1,648	-1,099
2,310	0,085	0,159	-0,990	-6,836	1,801	-2,106
2,320	0,090	0,167	-0,994	-7,202	2,808	-3,387
2,330	0,085	0,171	-0,992	-7,935	4,089	-4,425
2,340	0,082	0,175	-0,980	-8,423	4,791	-5,066
2,350	0,086	0,178	-0,974	-8,881	4,242	-5,402
2,360	0,090	0,177	-0,977	-10,040	2,869	-5,554
2,370	0,083	0,177	-0,978	-11,932	2,014	-5,615
2,380	0,073	0,175	-0,978	-13,855	1,495	-5,402
2,390	0,068	0,172	-0,983	-15,076	1,465	-4,852
2,400	0,064	0,168	-0,980	-15,228	1,434	-4,150
2,410	0,062	0,174	-0,968	-14,740	0,000	-3,082
2,420	0,062	0,187	-0,965	-13,184	-2,289	-1,984
2,430	0,060	0,203	-0,977	-11,169	-4,181	-1,007
2,440	0,060	0,207	-1,001	-9,491	-3,784	-0,336
2,450	0,057	0,195	-1,006	-8,667	-0,854	-0,458
2,460	0,051	0,168	-0,993	-7,751	2,686	-1,556
2,470	0,051	0,153	-0,977	-5,066	4,089	-3,632
2,480	0,052	0,160	-0,978	-0,946	4,150	-5,707
2,490	0,054	0,173	-0,976	3,754	3,601	-7,172
2,500	0,060	0,191	-0,962	9,308	2,136	-7,660
2,510	0,071	0,211	-0,966	16,602	0,031	-7,629
2,520	0,070	0,216	-0,996	24,170	-1,770	-7,355
2,530	0,052	0,192	-1,033	31,097	-2,350	-6,561
2,540	0,036	0,151	-1,072	37,964	-1,709	-5,829
2,550	0,033	0,102	-1,118	44,495	-0,519	-5,890
2,560	0,027	0,048	-1,181	50,751	1,373	-7,233
2,570	0,022	-0,026	-1,261	56,915	3,021	-9,827
2,580	0,024	-0,079	-1,375	63,019	5,432	-12,360
2,590	0,044	-0,098	-1,537	65,857	8,820	-14,984
2,600	0,038	-0,116	-1,714	62,744	13,397	-15,228
2,610	0,031	-0,108	-1,830	54,504	16,327	-12,573
2,620	0,040	-0,097	-1,876	41,840	16,113	-8,179
2,630	0,060	-0,064	-1,851	27,100	14,404	-3,052
2,640	0,081	-0,020	-1,763	11,322	13,031	1,892
2,650	0,098	0,017	-1,644	-4,089	12,512	5,737
2,660	0,113	0,049	-1,511	-16,510	11,902	8,057
2,670	0,117	0,092	-1,385	-24,841	11,444	9,216
2,680	0,114	0,148	-1,271	-30,304	11,536	9,918
2,690	0,114	0,205	-1,167	-35,583	12,482	10,590
2,700	0,121	0,242	-1,070	-41,351	14,130	10,956
2,710	0,133	0,271	-0,974	-47,028	16,846	10,559
2,720	0,149	0,292	-0,881	-51,422	20,203	9,552
2,730	0,167	0,307	-0,795	-53,650	23,499	8,240
2,740	0,177	0,321	-0,728	-53,711	26,184	6,744
2,750	0,181	0,336	-0,679	-52,460	28,015	5,402
2,760	0,183	0,356	-0,643	-51,361	29,205	4,425
2,770	0,176	0,366	-0,609	-51,270	29,144	3,937
2,780	0,166	0,368	-0,572	-51,514	27,679	3,662
2,790	0,161	0,370	-0,535	-52,094	24,994	2,899
2,800	0,158	0,361	-0,502	-52,948	21,271	1,526
2,810	0,157	0,348	-0,470	-53,406	17,395	-0,214
2,820	0,157	0,328	-0,434	-53,131	13,824	-2,197
2,830	0,154	0,298	-0,399	-51,178	10,437	-4,333
2,840	0,149	0,276	-0,375	-47,607	6,622	-6,592
2,850	0,147	0,260	-0,354	-44,189	2,655	-8,820
2,860	0,144	0,241	-0,332	-41,809	-0,671	-10,681
2,870	0,142	0,221	-0,307	-39,642	-3,174	-12,115
2,880	0,141	0,201	-0,278	-37,140	-4,791	-13,428
2,890	0,138	0,183	-0,256	-33,844	-6,073	-14,801
2,900	0,132	0,173	-0,244	-29,816	-7,141	-15,961
2,910	0,116	0,160	-0,229	-25,482	-8,026	-16,479
2,920	0,095	0,148	-0,212	-20,111	-9,613	-16,541
2,930	0,077	0,136	-0,206	-14,221	-11,017	-16,235
2,940	0,067	0,128	-0,194	-9,277	-11,780	-15,594
2,950	0,067	0,122	-0,145	-6,226	-11,414	-14,099
2,960	0,066	0,107	-0,013	-6,500	-7,324	-10,864
2,970	0,056	0,082	0,250	-8,331	2,350	-5,554
2,980	0,016	0,013	0,661	-6,989	18,372	2,563
2,990	-0,105	-0,105	1,206	3,479	39,246	13,184
3,000	-0,325	-0,259	1,778	29,419	58,228	23,499
3,010	-0,614	-0,470	2,177	74,646	63,019	32,043
3,020	-0,878	-0,693	2,224	133,728	43,365	40,009
3,030	0,779	0,489	-3,671	200,958	-103,149	49,500
3,040	0,746	0,319	-5,120	137,939	-377,411	16,785
3,050	0,208	-0,827	-3,201	-62,836	-114,502	3,479
3,060	-0,029	-0,373	-0,347	-51,422	-9,521	57,159
3,070	-0,652	-0,428	0,205	-22,614	17,120	54,901
3,080	-0,803	-0,293	-0,808	17,609	-63,568	60,272
3,090	-0,247	-0,130	-2,273	50,720	-135,620	57,098
3,100	-0,311	-0,008	-1,852	26,611	-68,390	55,817
3,110	-0,278	-0,073	-0,670	4,700	-30,792	54,810
3,120	0,143	-0,139	-0,939	25,330	-38,910	49,652
3,130	0,213	0,042	-1,489	41,687	-43,121	29,633
3,140	0,097	0,033	-1,162	24,445	-21,332	12,390
3,150	0,054	0,059	-0,947	24,048	-13,916	-0,305
3,160	0,028	0,133	-1,086	31,342	-19,592	-8,240
3,170	-0,038	0,117	-1,128	28,046	-17,761	-9,888
3,180	-0,061	0,084	-1,044	21,881	-12,299	-8,545
3,190	-0,041	0,062	-1,042	18,951	-9,796	-6,378
3,200	-0,026	0,055	-1,066	16,510	-7,172	-5,188
3,210	-0,022	0,060	-1,034	12,512	-3,448	-4,944
3,220	-0,019	0,082	-1,009	9,644	-1,648	-5,127
3,230	-0,013	0,113	-1,018	8,331	-1,801	-4,669
3,240	-0,005	0,118	-1,018	6,683	-1,770	-3,174
3,250	-0,002	0,102	-1,016	4,272	-1,312	-1,801
3,260	-0,004	0,078	-1,020	1,709	-1,556	-0,549
3,270	-0,008	0,063	-1,019	-1,648	-1,862	0,702
3,280	-0,016	0,063	-1,012	-5,005	-1,892	1,709
3,290	-0,018	0,087	-0,992	-7,141	-2,533	2,747
3,300	-0,016	0,122	-0,982	-7,629	-3,357	3,448
3,310	-0,017	0,154	-0,980	-6,622	-3,662	3,693
3,320	-0,010	0,173	-0,975	-4,547	-2,869	3,326
3,330	0,009	0,172	-0,974	-2,228	-1,556	2,594
3,340	0,026	0,152	-0,986	-0,366	-0,641	1,343
3,350	0,034	0,135	-0,996	0,458	-0,031	0,031
3,360	0,029	0,119	-0,999	0,000	0,549	-1,312
3,370	0,020	0,106	-1,000	-1,099	0,793	-2,563
3,380	0,011	0,098	-1,007	-2,075	0,916	-3,815
3,390	0,002	0,096	-1,007	-2,777	1,434	-5,219
3,400	-0,010	0,104	-0,998	-3,387	2,045	-6,256
3,410	-0,024	0,123	-0,987	-3,418	1,709	-6,439
3,420	-0,031	0,132	-0,987	-2,777	1,312	-5,737
3,430	-0,029	0,140	-0,992	-1,892	1,648	-4,852
3,440	-0,020	0,141	-0,994	-0,793	2,319	-4,028
3,450	-0,008	0,133	-0,993	0,214	2,716	-3,571
3,460	-0,001	0,126	-0,993	1,007	2,563	-3,357
3,470	0,005	0,122	-0,996	1,007	2,502	-3,174
3,480	0,013	0,117	-0,995	0,366	2,502	-3,082
3,490	0,025	0,115	-0,994	-0,671	2,594	-3,326
3,500	0,031	0,117	-0,995	-2,228	2,533	-3,937
3,510	0,028	0,121	-0,991	-4,150	2,136	-4,974
3,520	0,016	0,119	-0,993	-5,707	1,587	-6,165
3,530	0,002	0,121	-0,997	-6,897	1,221	-7,263
3,540	-0,015	0,118	-0,994	-7,355	1,587	-8,179
3,550	-0,024	0,120	-0,991	-6,744	2,502	-8,698
3,560	-0,020	0,130	-0,991	-5,707	3,326	-8,820
3,570	-0,011	0,135	-0,988	-4,578	3,754	-8,453
3,580	-0,003	0,142	-0,990	-3,998	4,059	-7,721
3,590	0,003	0,146	-0,990	-4,028	3,632	-6,958
3,600	0,003	0,144	-0,988	-4,272	2,899	-5,615
3,610	0,002	0,145	-0,989	-4,486	2,258	-4,059
3,620	-0,001	0,147	-0,992	-4,944	2,045	-2,197
3,630	-0,003	0,147	-0,989	-5,371	2,136	-0,122
3,640	-0,001	0,151	-0,986	-5,371	1,984	1,587
3,650	0,003	0,156	-0,983	-5,219	1,495	2,899
3,660	0,005	0,155	-0,984	-4,944	1,099	3,601
3,670	0,007	0,153	-0,991	-4,730	0,977	3,845
3,680	0,010	0,149	-0,996	-4,791	1,129	3,754
3,690	0,011	0,140	-0,997	-5,402	1,801	3,448
3,700	0,012	0,133	-0,993	-6,287	2,350	2,838
3,710	0,015	0,132	-0,989	-6,836	2,472	1,923
3,720	0,017	0,138	-0,988	-6,714	2,319	1,007
3,730	0,016	0,143	-0,989	-6,317	2,197	0,092
3,740	0,013	0,146	-0,991	-5,981	1,953	-0,488
3,750	0,011	0,148	-0,989	-5,554	1,465	-0,793
3,760	0,009	0,150	-0,985	-4,974	1,068	-0,824
3,770	0,008	0,153	-0,986	-4,211	0,763	-0,671
3,780	0,008	0,154	-0,988	-3,601	0,732	-0,397
3,790	0,014	0,156	-0,989	-3,448	0,854	-0,153
3,800	0,018	0,153	-0,989	-3,632	0,854	0,153
3,810	0,018	0,148	-0,985	-3,723	0,549	0,458
3,820	0,012	0,152	-0,982	-3,815	0,061	0,641
3,830	0,007	0,157	-0,985	-3,906	-0,214	0,946
3,840	0,007	0,160	-0,990	-3,998	-0,336	1,312
3,850	0,009	0,162	-0,993	-4,028	-0,153	1,678
3,860	0,011	0,160	-0,993	-4,089	0,305	2,045
3,870	0,011	0,155	-0,993	-4,120	0,702	2,075
3,880	0,012	0,152	-0,990	-4,028	0,854	1,740
3,890	0,015	0,150	-0,991	-3,876	1,007	1,312
3,900	0,016	0,150	-0,992	-3,937	1,282	0,763
3,910	0,016	0,153	-0,992	-4,089	1,434	0,397
3,920	0,015	0,157	-0,990	-4,089	1,495	0,275
3,930	0,014	0,161	-0,986	-4,181	1,190	0,397
3,940	0,013	0,163	-0,983	-4,089	0,580	0,610
3,950	0,014	0,166	-0,981	-3,906	-0,061	0,916
3,960	0,014	0,172	-0,981	-3,540	-0,397	1,099
3,970	0,012	0,175	-0,983	-2,777	-0,214	1,190
3,980	0,013	0,171	-0,987	-2,014	0,305	1,282
3,990	0,016	0,167	-0,989	-1,587	0,793	1,373
4,000	0,016	0,162	-0,988	-1,404	1,068	1,434
4,010	0,014	0,154	-0,986	-1,373	0,946	1,465
4,020	0,013	0,148	-0,988	-1,373	0,397	1,434
4,030	0,014	0,144	-0,994	-1,556	-0,183	1,404
4,040	0,015	0,145	-0,994	-2,075	-0,366	1,373
4,050	0,017	0,151	-0,991	-2,747	0,061	1,160
4,060	0,020	0,165	-0,981	-3,052	0,793	0,946
4,070	0,024	0,176	-0,975	-2,960	1,587	0,793
4,080	0,024	0,179	-0,973	-2,502	1,801	0,702
4,090	0,022	0,177	-0,976	-1,709	1,373	0,427
4,100	0,019	0,171	-0,982	-0,885	0,641	0,092
4,110	0,014	0,164	-0,989	-0,153	-0,031	-0,305
4,120	0,012	0,154	-0,996	0,183	-0,305	-0,549
4,130	0,010	0,148	-0,998	0,092	0,031	-0,549
4,140	0,008	0,145	-0,995	-0,305	0,610	-0,244
4,150	0,010	0,146	-0,992	-0,916	1,007	0,183
4,160	0,017	0,155	-0,984	-1,709	1,099	0,458
4,170	0,023	0,158	-0,981	-2,380	0,946	0,458
4,180	0,026	0,159	-0,985	-2,319	0,427	-0,061
4,190	0,026	0,161	-0,992	-2,167	0,031	-0,702
4,200	0,019	0,157	-0,992	-2,045	-0,092	-1,404
4,210	0,010	0,155	-0,991	-1,678	0,000	-2,136
4,220	0,006	0,156	-0,991	-1,038	0,153	-2,625
4,230	0,006	0,157	-0,992	-0,702	0,458	-2,655
4,240	0,008	0,157	-0,995	-0,916	1,038	-2,319
4,250	0,010	0,156	-0,996	-1,495	1,343	-1,770
4,260	0,014	0,157	-0,992	-2,075	1,160	-1,190
4,270	0,017	0,157	-0,991	-2,594	0,793	-0,702
4,280	0,016	0,157	-0,991	-2,899	0,458	-0,458
4,290	0,018	0,161	-0,989	-3,021	0,305	-0,275
4,300	0,018	0,163	-0,987	-3,082	0,427	-0,183
4,310	0,018	0,163	-0,986	-2,838	0,427	-0,305
4,320	0,019	0,168	-0,984	-2,472	0,488	-0,610
4,330	0,021	0,170	-0,984	-2,075	0,763	-1,099
4,340	0,024	0,172	-0,984	-1,801	0,885	-1,709
4,350	0,028	0,171	-0,984	-1,617	1,068	-2,319
4,360	0,030	0,170	-0,984	-1,434	1,160	-2,838
4,370	0,025	0,173	-0,983	-1,526	1,190	-3,143
4,380	0,022	0,171	-0,987	-2,075	1,190	-3,082
4,390	0,020	0,165	-0,991	-2,960	0,977	-2,655
4,400	0,019	0,159	-0,996	-3,906	1,038	-2,228
4,410	0,017	0,162	-0,998	-5,463	1,831	-1,984
4,420	0,017	0,171	-0,988	-8,148	2,747	-1,709
4,430	0,027	0,177	-0,965	-11,078	2,136	-1,007
4,440	0,044	0,187	-0,956	-12,268	0,824	-0,336
4,450	0,063	0,206	-0,967	-12,329	0,397	-0,092
4,460	0,060	0,223	-0,978	-12,726	0,641	-0,061
4,470	0,039	0,228	-0,985	-12,878	-0,153	0,092
4,480	0,012	0,208	-0,997	-13,214	-1,740	1,190
4,490	-0,011	0,169	-1,011	-13,458	-1,587	2,625
4,500	-0,017	0,131	-1,016	-13,702	-0,549	3,693
4,510	-0,003	0,107	-1,016	-14,404	0,153	2,777
4,520	0,006	0,105	-1,008	-14,801	1,038	-0,397
4,530	-0,004	0,129	-0,997	-13,153	1,831	-4,242
4,540	-0,023	0,156	-0,996	-9,521	2,228	-6,897
4,550	-0,039	0,173	-0,996	-3,967	2,228	-7,629
4,560	-0,051	0,163	-1,012	3,937	2,075	-7,507
4,570	-0,076	0,131	-1,054	15,503	1,251	-7,721
4,580	-0,111	0,096	-1,142	32,074	-1,312	-9,247
4,590	-0,142	0,069	-1,287	50,751	-2,899	-11,230
4,600	-0,182	0,064	-1,518	64,575	-2,106	-13,733
4,610	-0,168	0,086	-1,781	68,756	-0,366	-17,853
4,620	-0,174	0,119	-2,049	59,967	2,777	-18,921
4,630	-0,177	0,158	-2,195	42,603	4,089	-18,890
4,640	-0,188	0,199	-2,162	18,585	2,136	-18,860
4,650	-0,173	0,246	-2,009	-6,744	-3,754	-18,219
4,660	-0,126	0,300	-1,794	-29,175	-11,993	-17,639
4,670	-0,063	0,347	-1,565	-45,319	-21,515	-17,365
4,680	-0,009	0,389	-1,348	-55,573	-30,151	-17,639
4,690	0,027	0,433	-1,158	-61,676	-37,079	-18,219
4,700	0,051	0,477	-0,995	-65,094	-42,694	-18,372
4,710	0,073	0,522	-0,855	-67,291	-46,631	-17,334
4,720	0,093	0,559	-0,730	-69,427	-47,577	-14,496
4,730	0,116	0,574	-0,621	-70,984	-44,983	-10,406
4,740	0,142	0,577	-0,539	-71,136	-38,422	-5,493
4,750	0,169	0,574	-0,484	-70,160	-27,649	0,092
4,760	0,194	0,565	-0,444	-68,115	-13,947	6,317
4,770	0,207	0,560	-0,403	-65,460	1,526	12,390
4,780	0,211	0,550	-0,351	-63,019	17,242	17,578
4,790	0,208	0,524	-0,293	-60,333	31,189	21,484
4,800	0,205	0,490	-0,241	-56,458	42,175	23,590
4,810	0,208	0,464	-0,197	-51,575	50,293	23,926
4,820	0,206	0,440	-0,161	-46,783	55,450	22,980
4,830	0,196	0,404	-0,133	-42,297	57,220	21,057
4,840	0,178	0,365	-0,115	-37,567	55,359	18,585
4,850	0,156	0,331	-0,105	-33,112	50,171	15,839
4,860	0,136	0,306	-0,096	-29,663	41,901	13,184
4,870	0,119	0,278	-0,080	-27,557	31,464	11,047
4,880	0,105	0,239	-0,054	-26,154	19,684	8,881
4,890	0,092	0,198	-0,021	-24,658	7,690	6,317
4,900	0,089	0,168	0,034	-23,468	-3,204	3,662
4,910	0,105	0,151	0,142	-23,285	-10,925	1,373
4,920	0,130	0,123	0,349	-25,970	-13,031	0,214
4,930	0,133	0,092	0,689	-32,623	-8,392	0,702
4,940	0,086	-0,009	1,150	-42,938	1,801	4,852
4,950	-0,051	-0,239	1,693	-49,835	15,076	13,550
4,960	-0,291	-0,555	2,119	-37,994	20,752	24,963
4,970	-0,552	-0,858	2,390	-3,601	7,965	40,405
4,980	0,090	0,915	-3,676	134,003	-96,985	50,812
4,990	-0,833	0,286	-5,779	320,404	-262,115	-15,900
5,000	-0,770	0,000	-4,353	114,227	-59,723	7,050
5,010	-0,529	-0,560	-1,392	-84,259	43,518	58,838
5,020	-0,568	-1,971	1,075	-145,477	84,442	74,280
5,030	-0,596	-1,931	1,391	-35,797	35,889	42,786
5,040	-0,340	-0,344	-0,968	99,731	-88,409	-2,991
5,050	-0,444	0,093	-3,133	128,510	-140,930	-24,658
5,060	-0,597	0,024	-2,559	33,997	-50,171	-0,305
5,070	-0,526	-0,258	-1,164	-33,203	-2,472	18,127
5,080	-0,344	-0,311	-0,436	-28,778	-14,191	19,928
5,090	-0,130	0,089	-0,808	11,047	-34,210	12,299
5,100	-0,128	0,332	-1,391	29,480	-41,718	2,045
5,110	-0,187	0,363	-1,338	14,862	-25,085	2,869
5,120	-0,119	0,293	-0,978	-0,458	-11,719	6,317
5,130	-0,031	0,190	-0,818	1,404	-10,925	6,317
5,140	-0,043	0,175	-0,939	13,458	-11,139	3,296
5,150	-0,099	0,173	-1,085	19,653	-10,223	0,977
5,160	-0,122	0,154	-1,075	17,059	-7,751	1,465
5,170	-0,119	0,123	-1,007	13,916	-5,615	2,838
5,180	-0,101	0,125	-0,992	14,069	-4,913	3,204
5,190	-0,079	0,161	-1,015	14,252	-4,059	2,533
5,200	-0,051	0,198	-1,019	11,932	-2,869	1,862
5,210	-0,028	0,219	-0,984	9,186	-2,808	1,495
5,220	-0,029	0,231	-0,960	8,118	-3,387	1,251
5,230	-0,053	0,236	-0,964	8,850	-4,425	0,397
5,240	-0,079	0,237	-0,984	9,735	-4,700	-0,732
5,250	-0,089	0,232	-0,995	10,223	-3,296	-1,953
5,260	-0,075	0,226	-0,998	9,583	-0,671	-2,838
5,270	-0,050	0,223	-1,000	8,087	1,648	-3,540
5,280	-0,030	0,229	-0,998	6,012	3,113	-3,937
5,290	-0,029	0,235	-0,983	3,845	3,571	-3,967
5,300	-0,041	0,244	-0,961	2,716	2,777	-3,723
5,310	-0,058	0,249	-0,958	2,838	1,495	-3,235
5,320	-0,072	0,250	-0,971	3,235	0,916	-2,472
5,330	-0,077	0,246	-0,983	3,143	0,885	-1,709
5,340	-0,073	0,237	-0,983	2,502	1,312	-1,343
5,350	-0,063	0,229	-0,985	1,740	2,106	-1,282
5,360	-0,053	0,228	-0,990	1,038	2,838	-1,404
5,370	-0,048	0,230	-0,992	-0,031	3,235	-1,556
5,380	-0,050	0,229	-0,986	-1,495	3,510	-1,526
5,390	-0,054	0,229	-0,973	-2,533	3,601	-1,251
5,400	-0,054	0,234	-0,961	-2,655	3,235	-0,916
5,410	-0,053	0,241	-0,961	-2,197	2,686	-0,702
5,420	-0,050	0,242	-0,968	-1,587	2,411	-0,610
5,430	-0,048	0,243	-0,972	-1,068	2,502	-0,824
5,440	-0,044	0,246	-0,973	-1,038	2,838	-1,404
5,450	-0,039	0,245	-0,976	-1,831	3,448	-2,075
5,460	-0,038	0,243	-0,977	-3,326	3,998	-2,716
5,470	-0,042	0,240	-0,973	-4,669	3,876	-3,021
5,480	-0,053	0,233	-0,970	-5,096	3,357	-2,808
5,490	-0,065	0,231	-0,970	-4,822	3,357	-2,075
5,500	-0,068	0,232	-0,968	-4,272	4,059	-1,129
5,510	-0,061	0,235	-0,965	-3,784	4,883	-0,549
5,520	-0,049	0,235	-0,964	-3,174	5,524	-0,671
5,530	-0,036	0,234	-0,968	-2,502	5,981	-1,312
5,540	-0,030	0,240	-0,971	-1,892	6,317	-2,136
5,550	-0,029	0,246	-0,972	-1,770	6,439	-3,052
5,560	-0,031	0,251	-0,972	-1,831	6,287	-3,937
5,570	-0,033	0,252	-0,972	-2,136	6,256	-4,608
5,580	-0,033	0,248	-0,972	-2,625	6,409	-5,188
5,590	-0,033	0,241	-0,973	-2,991	6,470	-5,493
5,600	-0,031	0,239	-0,974	-3,082	6,165	-5,493
5,610	-0,029	0,239	-0,973	-2,960	5,524	-5,432
5,620	-0,032	0,242	-0,976	-2,930	4,974	-5,035
5,630	-0,040	0,242	-0,979	-2,991	4,669	-4,303
5,640	-0,045	0,247	-0,976	-3,510	4,211	-3,021
5,650	-0,048	0,255	-0,972	-4,150	4,059	-1,373
5,660	-0,049	0,257	-0,968	-4,791	4,364	0,183
5,670	-0,047	0,259	-0,966	-5,066	4,608	1,343
5,680	-0,038	0,258	-0,965	-4,700	4,272	1,556
5,690	-0,030	0,254	-0,968	-4,028	3,967	1,404
5,700	-0,025	0,250	-0,973	-3,387	3,662	0,977
5,710	-0,024	0,241	-0,979	-2,838	3,357	0,397
5,720	-0,029	0,239	-0,980	-2,441	3,204	0,061
5,730	-0,033	0,242	-0,977	-2,380	3,113	0,061
5,740	-0,034	0,246	-0,972	-2,838	3,174	0,427
5,750	-0,030	0,251	-0,971	-3,601	3,357	1,068
5,760	-0,024	0,255	-0,968	-4,242	3,265	1,495
5,770	-0,018	0,258	-0,965	-4,578	3,174	1,617
5,780	-0,013	0,260	-0,962	-4,669	3,174	1,373
5,790	-0,010	0,263	-0,959	-4,608	3,082	0,916
5,800	-0,007	0,266	-0,959	-4,120	2,838	0,397
5,810	-0,011	0,265	-0,960	-3,265	2,441	-0,061
5,820	-0,019	0,264	-0,961	-2,441	1,831	-0,244
5,830	-0,025	0,261	-0,963	-1,953	1,129	-0,244
5,840	-0,030	0,256	-0,967	-1,801	0,549	0,000
5,850	-0,027	0,254	-0,972	-1,984	0,275	0,183
5,860	-0,021	0,254	-0,974	-2,319	0,275	0,305
5,870	-0,016	0,255	-0,977	-2,960	0,763	0,488
5,880	-0,015	0,256	-0,979	-3,662	1,251	0,580
5,890	-0,020	0,253	-0,976	-4,120	1,251	0,641
5,900	-0,025	0,254	-0,969	-4,211	0,946	0,763
5,910	-0,029	0,254	-0,964	-3,815	0,580	0,793
5,920	-0,030	0,256	-0,963	-3,235	0,305	1,007
5,930	-0,026	0,258	-0,965	-2,808	0,153	1,038
5,940	-0,019	0,260	-0,966	-2,594	0,153	0,885
5,950	-0,014	0,261	-0,968	-2,441	0,336	0,732
5,960	-0,014	0,263	-0,971	-2,502	0,519	0,671
5,970	-0,017	0,261	-0,975	-2,869	0,519	0,732
5,980	-0,021	0,257	-0,975	-3,357	0,214	0,977
5,990	-0,024	0,254	-0,973	-3,876	-0,031	1,404
6,000	-0,023	0,255	-0,970	-4,456	0,305	1,953
6,010	-0,019	0,262	-0,965	-5,035	1,038	2,472
6,020	-0,014	0,269	-0,962	-5,524	1,648	2,808
6,030	-0,009	0,272	-0,958	-5,798	1,801	2,716
6,040	-0,008	0,275	-0,959	-5,707	1,556	2,441
6,050	-0,012	0,276	-0,963	-5,646	1,099	2,350
6,060	-0,019	0,273	-0,967	-5,798	0,549	2,747
6,070	-0,026	0,268	-0,967	-5,676	0,244	3,204
6,080	-0,030	0,257	-0,966	-5,127	0,458	3,357
6,090	-0,025	0,250	-0,967	-4,639	0,671	3,204
6,100	-0,015	0,249	-0,969	-4,456	0,488	2,655
6,110	-0,008	0,253	-0,968	-4,456	0,061	1,801
6,120	-0,008	0,259	-0,969	-4,547	-0,336	0,946
6,130	-0,013	0,264	-0,971	-4,639	-0,641	0,427
6,140	-0,018	0,268	-0,971	-4,700	-0,824	0,244
6,150	-0,019	0,271	-0,967	-4,883	-0,732	0,458
6,160	-0,018	0,274	-0,963	-5,127	-0,275	0,824
6,170	-0,018	0,276	-0,958	-4,974	0,214	0,824
6,180	-0,017	0,278	-0,953	-4,181	0,519	0,488
6,190	-0,016	0,280	-0,956	-3,021	0,397	0,061
6,200	-0,017	0,277	-0,962	-2,106	0,122	-0,275
6,210	-0,016	0,275	-0,967	-1,831	0,000	-0,305
6,220	-0,016	0,270	-0,970	-2,075	-0,153	-0,427
6,230	-0,016	0,266	-0,971	-2,563	-0,366	-0,427
6,240	-0,014	0,266	-0,967	-3,235	-0,397	-0,366
6,250	-0,010	0,272	-0,962	-3,876	-0,061	-0,366
6,260	-0,010	0,275	-0,961	-4,181	0,244	-0,549
6,270	-0,013	0,278	-0,962	-3,937	0,244	-0,824
6,280	-0,017	0,281	-0,962	-3,448	0,031	-0,977
6,290	-0,020	0,280	-0,962	-2,930	-0,305	-1,068
6,300	-0,022	0,275	-0,964	-2,502	-0,671	-1,068
6,310	-0,020	0,275	-0,966	-2,289	-0,793	-1,007
6,320	-0,017	0,277	-0,967	-2,319	-0,610	-1,129
6,330	-0,014	0,278	-0,966	-2,747	-0,153	-1,190
6,340	-0,014	0,278	-0,962	-3,387	0,214	-1,221
6,350	-0,016	0,278	-0,957	-3,754	0,275	-1,404
6,360	-0,021	0,279	-0,956	-3,632	0,031	-1,617
6,370	-0,027	0,280	-0,959	-3,143	-0,305	-1,495
6,380	-0,031	0,283	-0,963	-2,716	-0,244	-1,099
6,390	-0,029	0,288	-0,965	-2,747	0,519	-0,427
6,400	-0,024	0,290	-0,964	-3,052	1,892	0,183
6,410	-0,017	0,291	-0,961	-3,235	3,448	0,397
6,420	-0,014	0,288	-0,960	-3,021	4,700	0,214
6,430	-0,014	0,283	-0,962	-2,258	5,463	-0,336
6,440	-0,015	0,281	-0,968	-1,343	6,042	-1,038
6,450	-0,019	0,283	-0,974	-0,916	6,683	-1,312
6,460	-0,021	0,290	-0,975	-0,824	7,050	-1,221
6,470	-0,019	0,294	-0,970	-0,824	7,416	-1,038
6,480	-0,008	0,295	-0,961	-0,977	7,751	-0,610
6,490	0,005	0,292	-0,952	-1,251	7,721	-0,031
6,500	0,015	0,286	-0,945	-1,038	6,836	0,275
6,510	0,020	0,279	-0,944	-0,488	5,615	0,031
6,520	0,022	0,276	-0,948	-0,031	4,242	-0,549
6,530	0,020	0,274	-0,955	0,610	2,899	-1,648
6,540	0,011	0,276	-0,963	1,404	2,014	-3,143
6,550	0,001	0,282	-0,967	1,862	2,075	-4,517
6,560	-0,008	0,284	-0,966	1,862	2,747	-5,341
6,570	-0,014	0,283	-0,962	2,075	3,357	-5,432
6,580	-0,020	0,280	-0,962	2,808	3,510	-5,127
6,590	-0,020	0,276	-0,964	3,510	3,113	-4,364
6,600	-0,016	0,272	-0,967	3,601	2,228	-3,296
6,610	-0,010	0,265	-0,968	2,991	1,068	-2,106
6,620	-0,004	0,262	-0,967	2,136	-0,183	-1,190
6,630	0,001	0,264	-0,965	1,282	-1,038	-0,732
6,640	0,006	0,268	-0,964	0,519	-1,404	-0,549
6,650	0,010	0,268	-0,965	-0,092	-1,556	-0,702
6,660	0,010	0,266	-0,965	-0,458	-1,740	-1,129
6,670	0,005	0,264	-0,965	-0,580	-1,984	-1,740
6,680	-0,002	0,265	-0,965	-0,732	-2,319	-2,258
6,690	-0,008	0,270	-0,960	-1,007	-2,716	-2,380
6,700	-0,012	0,277	-0,956	-1,129	-3,082	-2,350
6,710	-0,012	0,284	-0,955	-0,763	-3,326	-2,289
6,720	-0,008	0,286	-0,959	-0,214	-3,204	-2,106
6,730	-0,004	0,281	-0,966	0,336	-2,869	-1,953
6,740	-0,003	0,274	-0,971	0,732	-2,655	-2,045
6,750	-0,005	0,268	-0,975	0,763	-2,533	-2,289
6,760	-0,013	0,263	-0,975	0,580	-2,563	-2,380
6,770	-0,019	0,261	-0,974	0,153	-2,777	-2,167
6,780	-0,020	0,266	-0,971	-0,519	-2,869	-1,862
6,790	-0,018	0,274	-0,968	-1,160	-2,441	-1,526
6,800	-0,014	0,282	-0,968	-1,404	-1,892	-1,129
6,810	-0,010	0,285	-0,967	-1,404	-1,465	-0,854
6,820	-0,009	0,283	-0,962	-1,251	-1,129	-0,824
6,830	-0,010	0,277	-0,958	-0,854	-0,916	-1,099
6,840	-0,009	0,271	-0,959	-0,427	-0,916	-1,434
6,850	-0,007	0,269	-0,963	0,000	-1,038	-1,678
6,860	-0,004	0,270	-0,969	0,092	-0,824	-1,892
6,870	-0,003	0,274	-0,972	-0,244	-0,275	-2,045
6,880	-0,006	0,277	-0,971	-0,854	0,397	-1,984
6,890	-0,011	0,277	-0,965	-1,404	0,732	-1,831
6,900	-0,014	0,275	-0,960	-1,678	0,427	-1,678
6,910	-0,014	0,273	-0,957	-1,495	-0,275	-1,556
6,920	-0,014	0,271	-0,959	-1,038	-0,885	-1,434
6,930	-0,013	0,271	-0,964	-0,793	-1,129	-1,343
6,940	-0,013	0,272	-0,969	-0,885	-1,099	-1,129
6,950	-0,011	0,273	-0,971	-1,099	-0,763	-1,068
6,960	-0,010	0,273	-0,969	-1,373	-0,214	-1,099
6,970	-0,012	0,272	-0,965	-1,526	0,061	-1,068
6,980	-0,015	0,272	-0,961	-1,556	-0,305	-1,007
6,990	-0,018	0,271	-0,957	-1,526	-1,373	-0,732
7,000	-0,020	0,272	-0,955	-1,282	-2,686	-0,305
7,010	-0,021	0,277	-0,959	-0,946	-3,387	0,214
7,020	-0,020	0,282	-0,966	-0,580	-2,960	0,763
7,030	-0,019	0,281	-0,975	-0,214	-1,801	1,404
7,040	-0,015	0,272	-0,981	0,000	-0,580	1,953
7,050	-0,014	0,260	-0,983	-0,061	0,610	2,014
7,060	-0,017	0,250	-0,980	-0,580	1,282	1,678
7,070	-0,020	0,245	-0,974	-1,465	1,312	1,129
7,080	-0,018	0,250	-0,967	-2,228	1,190	0,671
7,090	-0,015	0,261	-0,966	-2,441	1,282	0,214
7,100	-0,010	0,274	-0,967	-2,319	1,617	0,122
7,110	-0,005	0,286	-0,965	-2,350	2,197	0,366
7,120	-0,002	0,291	-0,961	-2,594	2,563	0,732
7,130	0,001	0,286	-0,956	-2,716	2,258	0,916
7,140	0,003	0,281	-0,953	-2,319	1,343	0,671
7,150	0,006	0,279	-0,953	-1,495	0,793	-0,031
7,160	0,011	0,281	-0,956	-0,916	0,885	-0,946
7,170	0,014	0,285	-0,956	-1,099	1,251	-1,770
7,180	0,011	0,288	-0,956	-1,587	1,282	-2,502
7,190	0,005	0,290	-0,953	-1,862	0,854	-3,052
7,200	-0,005	0,293	-0,952	-1,801	0,214	-3,204
7,210	-0,014	0,290	-0,954	-1,587	-0,488	-2,899
7,220	-0,017	0,288	-0,958	-1,221	-1,160	-2,289
7,230	-0,016	0,287	-0,963	-1,007	-1,251	-1,526
7,240	-0,020	0,279	-0,970	-1,099	-0,793	-0,763
7,250	-0,028	0,268	-0,975	-1,007	-0,183	-0,122
7,260	-0,036	0,261	-0,978	-0,580	0,488	0,397
7,270	-0,039	0,257	-0,977	-0,275	1,068	0,793
7,280	-0,036	0,256	-0,975	-0,336	1,617	0,977
7,290	-0,028	0,261	-0,973	-0,610	1,953	1,068
7,300	-0,017	0,267	-0,971	-0,793	2,228	1,221
7,310	-0,010	0,277	-0,972	-0,488	2,533	1,343
7,320	-0,009	0,295	-0,978	-0,458	2,777	1,862
7,330	-0,015	0,305	-0,981	-1,221	3,387	3,326
7,340	-0,025	0,297	-0,982	-2,319	4,242	5,157
7,350	-0,029	0,289	-0,976	-2,930	5,188	6,714
7,360	-0,029	0,285	-0,969	-3,021	6,592	8,270
7,370	-0,030	0,253	-0,963	-2,411	7,599	9,491
7,380	-0,017	0,232	-0,961	0,610	6,866	8,667
7,390	-0,030	0,251	-0,967	3,571	4,395	5,829
7,400	-0,051	0,262	-0,991	4,578	0,275	2,899
7,410	-0,054	0,256	-1,007	6,104	-3,784	3,326
7,420	-0,043	0,284	-1,004	9,003	-4,791	5,829
7,430	-0,028	0,269	-0,990	10,254	-2,808	8,392
7,440	0,013	0,251	-0,960	11,536	-0,244	9,644
7,450	0,054	0,249	-0,939	12,909	2,594	8,850
7,460	0,080	0,254	-0,929	13,550	4,639	6,683
7,470	0,090	0,254	-0,928	12,665	6,226	3,693
7,480	0,082	0,246	-0,934	10,590	7,935	0,214
7,490	0,052	0,238	-0,947	9,583	9,644	-3,876
7,500	0,021	0,260	-0,939	9,888	8,209	-5,798
7,510	-0,001	0,287	-0,936	8,240	2,014	-2,899
7,520	-0,005	0,290	-0,947	4,181	-4,150	1,923
7,530	0,004	0,285	-0,957	0,458	-10,071	8,575
7,540	0,013	0,267	-0,971	-2,289	-13,611	13,794
7,550	0,021	0,247	-0,980	-4,517	-14,008	15,686
7,560	0,029	0,227	-0,981	-6,226	-13,184	14,587
7,570	0,025	0,204	-0,974	-7,080	-12,207	10,834
7,580	0,012	0,189	-0,969	-6,104	-10,925	4,883
7,590	0,002	0,193	-0,971	-3,296	-9,216	-2,167
7,600	-0,003	0,218	-0,980	-0,427	-7,202	-8,392
7,610	-0,008	0,250	-0,986	0,977	-5,524	-12,207
7,620	-0,013	0,279	-0,983	0,458	-4,395	-12,939
7,630	-0,019	0,296	-0,972	-1,129	-4,089	-10,712
7,640	-0,024	0,296	-0,960	-2,655	-4,639	-6,744
7,650	-0,024	0,285	-0,954	-3,479	-5,585	-2,625
7,660	-0,018	0,267	-0,958	-3,510	-6,592	0,214
7,670	-0,011	0,249	-0,966	-2,716	-6,927	1,038
7,680	-0,001	0,238	-0,972	-1,373	-5,981	-0,275
7,690	0,000	0,236	-0,975	0,153	-3,998	-3,174
7,700	-0,005	0,240	-0,974	1,404	-2,350	-6,287
7,710	-0,011	0,245	-0,971	1,831	-1,770	-8,423
7,720	-0,020	0,250	-0,969	1,343	-2,075	-8,972
7,730	-0,028	0,253	-0,971	0,122	-3,082	-8,423
7,740	-0,028	0,257	-0,973	-1,465	-4,303	-7,355
7,750	-0,022	0,263	-0,973	-2,930	-5,157	-5,951
7,760	-0,018	0,268	-0,972	-3,662	-5,096	-4,486
7,770	-0,021	0,273	-0,970	-3,601	-4,242	-3,357
7,780	-0,027	0,274	-0,969	-3,387	-3,448	-2,563
7,790	-0,032	0,271	-0,969	-3,204	-3,021	-1,953
7,800	-0,037	0,263	-0,970	-2,747	-2,686	-1,343
7,810	-0,039	0,256	-0,973	-2,075	-2,228	-1,007
7,820	-0,038	0,249	-0,977	-1,373	-1,587	-1,068
7,830	-0,032	0,247	-0,980	-0,763	-0,610	-1,465
7,840	-0,025	0,250	-0,977	-0,488	0,336	-1,953
7,850	-0,020	0,256	-0,970	-0,610	0,793	-2,319
7,860	-0,020	0,260	-0,963	-0,977	0,519	-2,258
7,870	-0,021	0,261	-0,956	-1,526	-0,549	-1,984
7,880	-0,022	0,256	-0,955	-1,984	-2,075	-1,801
7,890	-0,026	0,250	-0,960	-2,136	-3,632	-1,740
7,900	-0,027	0,246	-0,970	-1,923	-4,822	-2,075
7,910	-0,026	0,245	-0,979	-1,740	-5,035	-2,808
7,920	-0,024	0,247	-0,982	-1,495	-4,181	-3,723
7,930	-0,021	0,252	-0,978	-1,190	-2,777	-4,761
7,940	-0,021	0,258	-0,969	-0,824	-1,526	-5,646
7,950	-0,024	0,259	-0,960	-0,214	-1,434	-6,195
7,960	-0,028	0,254	-0,957	0,549	-2,380	-6,439
7,970	-0,032	0,246	-0,959	1,465	-3,418	-6,866
7,980	-0,035	0,246	-0,964	2,350	-3,815	-7,446
7,990	-0,038	0,254	-0,972	2,686	-3,479	-7,874
8,000	-0,039	0,267	-0,976	1,953	-2,991	-7,538
8,010	-0,040	0,279	-0,977	0,153	-2,808	-5,920
8,020	-0,042	0,280	-0,971	-1,892	-3,082	-3,326
8,030	-0,047	0,272	-0,966	-3,296	-3,662	-0,549
8,040	-0,049	0,259	-0,964	-3,845	-4,333	1,434
8,050	-0,045	0,249	-0,965	-3,693	-4,730	2,045
8,060	-0,038	0,243	-0,970	-3,021	-4,425	1,343
8,070	-0,031	0,243	-0,974	-2,258	-3,540	-0,183
8,080	-0,032	0,246	-0,977	-1,770	-2,441	-1,984
8,090	-0,038	0,252	-0,976	-1,587	-1,526	-3,479
8,100	-0,043	0,258	-0,974	-1,678	-0,854	-4,303
8,110	-0,048	0,263	-0,970	-2,014	-0,427	-4,242
8,120	-0,050	0,265	-0,966	-2,411	-0,336	-3,296
8,130	-0,050	0,264	-0,963	-2,686	-0,549	-1,923
8,140	-0,046	0,260	-0,963	-2,563	-1,038	-0,793
8,150	-0,043	0,257	-0,966	-2,106	-1,495	-0,366
8,160	-0,041	0,252	-0,970	-1,770	-1,770	-0,549
8,170	-0,041	0,250	-0,971	-1,617	-1,678	-1,099
8,180	-0,041	0,250	-0,969	-1,434	-1,312	-1,740
8,190	-0,040	0,255	-0,966	-1,312	-0,793	-2,289
8,200	-0,038	0,260	-0,963	-1,495	-0,488	-2,502
8,210	-0,038	0,264	-0,964	-1,831	-0,793	-2,319
8,220	-0,042	0,266	-0,965	-2,075	-1,465	-1,953
8,230	-0,046	0,266	-0,968	-2,319	-2,228	-1,556
8,240	-0,047	0,267	-0,968	-2,594	-2,502	-1,068
8,250	-0,047	0,265	-0,966	-2,563	-2,045	-0,519
8,260	-0,048	0,262	-0,966	-2,197	-1,465	0,000
8,270	-0,049	0,258	-0,966	-1,617	-0,977	0,214
8,280	-0,047	0,254	-0,968	-1,221	-0,549	-0,031
8,290	-0,043	0,252	-0,970	-0,977	-0,214	-0,397
8,300	-0,041	0,251	-0,972	-0,946	0,000	-0,824
8,310	-0,039	0,251	-0,971	-1,221	0,031	-1,221
8,320	-0,038	0,251	-0,968	-1,831	-0,183	-1,526
8,330	-0,036	0,251	-0,966	-2,686	-0,702	-1,770
8,340	-0,035	0,253	-0,965	-3,510	-1,373	-1,953
8,350	-0,033	0,254	-0,969	-4,242	-2,075	-2,441
8,360	-0,036	0,254	-0,973	-4,730	-2,075	-3,357
8,370	-0,043	0,255	-0,970	-4,791	-1,465	-4,517
8,380	-0,053	0,260	-0,965	-4,303	-0,854	-5,463
8,390	-0,058	0,267	-0,959	-3,296	-0,732	-5,798
8,400	-0,058	0,277	-0,955	-2,502	-0,458	-5,035
8,410	-0,059	0,285	-0,955	-2,045	-0,153	-3,418
8,420	-0,057	0,288	-0,957	-1,556	-0,275	-1,404
8,430	-0,052	0,285	-0,960	-0,977	-0,641	0,610
8,440	-0,051	0,278	-0,965	-0,519	-0,885	2,472
8,450	-0,053	0,268	-0,970	-0,336	-0,824	3,540
8,460	-0,056	0,254	-0,975	-0,427	-0,244	3,723
8,470	-0,053	0,247	-0,978	-0,183	0,549	3,082
8,480	-0,046	0,247	-0,979	0,092	1,831	1,678
8,490	-0,039	0,251	-0,974	0,031	3,235	0,275
8,500	-0,038	0,255	-0,966	-0,488	3,876	-0,702
8,510	-0,042	0,256	-0,959	-0,977	3,265	-1,251
8,520	-0,045	0,258	-0,956	-1,038	1,709	-1,343
8,530	-0,046	0,261	-0,960	-0,916	0,275	-1,007
8,540	-0,045	0,267	-0,967	-0,885	-0,183	-0,336
8,550	-0,042	0,272	-0,970	-1,160	0,153	0,458
8,560	-0,039	0,274	-0,968	-1,495	0,732	0,946
8,570	-0,035	0,273	-0,963	-1,648	1,221	1,221
8,580	-0,035	0,268	-0,960	-1,587	1,251	1,221
8,590	-0,038	0,258	-0,961	-1,434	0,641	0,854
8,600	-0,044	0,249	-0,967	-1,282	-0,305	-0,061
8,610	-0,048	0,244	-0,974	-1,190	-0,916	-1,343
8,620	-0,048	0,248	-0,977	-1,221	-0,580	-2,594
8,630	-0,046	0,259	-0,974	-1,282	0,488	-3,326
8,640	-0,044	0,271	-0,966	-1,343	1,526	-3,204
8,650	-0,046	0,278	-0,957	-1,556	1,953	-2,136
8,660	-0,046	0,277	-0,952	-1,709	1,373	-0,549
8,670	-0,047	0,269	-0,954	-1,556	0,336	0,885
8,680	-0,045	0,263	-0,960	-1,160	-0,610	1,556
8,690	-0,040	0,255	-0,967	-1,038	-1,129	1,190
8,700	-0,036	0,250	-0,973	-0,977	-1,038	0,122
8,710	-0,035	0,248	-0,977	-0,854	-0,458	-1,251
8,720	-0,037	0,250	-0,976	-0,916	0,183	-2,563
8,730	-0,038	0,254	-0,972	-1,221	0,244	-3,540
8,740	-0,040	0,256	-0,967	-1,709	-0,153	-4,181
8,750	-0,041	0,257	-0,964	-2,075	-0,549	-4,517
8,760	-0,041	0,260	-0,963	-2,258	-0,793	-4,730
8,770	-0,038	0,262	-0,965	-2,441	-0,916	-4,883
8,780	-0,037	0,264	-0,966	-2,747	-1,099	-4,913
8,790	-0,039	0,266	-0,966	-3,174	-1,038	-4,913
8,800	-0,045	0,265	-0,967	-3,662	-0,946	-4,791
8,810	-0,050	0,267	-0,966	-4,028	-1,221	-4,639
8,820	-0,053	0,270	-0,966	-4,456	-1,404	-4,364
8,830	-0,054	0,272	-0,966	-4,913	-1,434	-3,754
8,840	-0,055	0,275	-0,962	-5,035	-1,495	-2,899
8,850	-0,052	0,277	-0,960	-4,730	-1,526	-2,014
8,860	-0,051	0,276	-0,958	-3,967	-1,587	-1,343
8,870	-0,049	0,274	-0,959	-3,082	-1,648	-0,885
8,880	-0,051	0,270	-0,962	-2,411	-1,617	-0,793
8,890	-0,054	0,266	-0,965	-1,923	-1,556	-1,038
8,900	-0,055	0,266	-0,968	-1,373	-1,343	-1,404
8,910	-0,054	0,269	-0,970	-1,068	-0,824	-1,587
8,920	-0,052	0,273	-0,970	-1,099	-0,214	-1,373
8,930	-0,052	0,276	-0,968	-1,343	0,366	-0,824
8,940	-0,054	0,275	-0,964	-1,434	0,824	-0,122
8,950	-0,054	0,273	-0,960	-1,068	0,885	0,549
8,960	-0,052	0,270	-0,960	-0,488	0,641	1,038
8,970	-0,046	0,269	-0,960	-0,214	0,397	1,221
8,980	-0,039	0,267	-0,962	-0,305	0,092	1,068
8,990	-0,033	0,264	-0,962	-0,580	-0,305	0,641
9,000	-0,033	0,261	-0,963	-0,946	-0,854	-0,153
9,010	-0,038	0,257	-0,963	-1,495	-1,709	-1,190
9,020	-0,045	0,257	-0,965	-2,045	-2,533	-2,197
9,030	-0,051	0,261	-0,967	-2,502	-3,113	-2,960
9,040	-0,055	0,267	-0,968	-2,930	-3,204	-3,174
9,050	-0,058	0,274	-0,968	-3,265	-2,899	-2,838
9,060	-0,057	0,279	-0,964	-3,571	-2,441	-2,136
9,070	-0,056	0,280	-0,961	-3,571	-2,014	-1,282
9,080	-0,056	0,280	-0,959	-3,021	-1,617	-0,641
9,090	-0,056	0,279	-0,960	-2,136	-1,404	-0,366
9,100	-0,057	0,277	-0,963	-1,251	-1,282	-0,183
9,110	-0,056	0,274	-0,964	-0,671	-1,129	-0,031
9,120	-0,055	0,271	-0,965	-0,610	-0,702	0,122
9,130	-0,054	0,266	-0,965	-0,793	-0,153	0,153
9,140	-0,055	0,263	-0,966	-1,068	0,000	-0,092
9,150	-0,053	0,264	-0,966	-1,312	-0,183	-0,610
9,160	-0,052	0,266	-0,966	-1,526	-0,336	-1,099
9,170	-0,051	0,271	-0,965	-1,678	-0,244	-1,373
9,180	-0,050	0,276	-0,963	-1,892	0,061	-1,373
9,190	-0,050	0,279	-0,960	-2,045	0,336	-1,099
9,200	-0,051	0,278	-0,957	-1,953	0,183	-0,671
9,210	-0,051	0,275	-0,955	-1,648	-0,153	-0,336
9,220	-0,053	0,270	-0,959	-1,434	-0,732	-0,244
9,230	-0,052	0,268	-0,962	-1,282	-1,190	-0,549
9,240	-0,049	0,268	-0,968	-1,251	-1,312	-1,099
9,250	-0,048	0,271	-0,970	-1,343	-1,038	-1,495
9,260	-0,048	0,273	-0,967	-1,648	-0,702	-1,648
9,270	-0,050	0,274	-0,962	-2,106	-0,763	-1,648
9,280	-0,052	0,273	-0,958	-2,441	-1,343	-1,495
9,290	-0,054	0,272	-0,956	-2,655	-2,075	-1,282
9,300	-0,056	0,271	-0,957	-2,716	-2,625	-1,160
9,310	-0,059	0,271	-0,961	-2,563	-2,960	-1,129
9,320	-0,059	0,272	-0,967	-2,411	-3,052	-1,221
9,330	-0,058	0,272	-0,969	-2,289	-2,686	-1,434
9,340	-0,058	0,273	-0,971	-2,045	-1,801	-1,801
9,350	-0,062	0,274	-0,970	-1,862	-1,007	-2,106
9,360	-0,064	0,274	-0,967	-1,923	-0,671	-2,197
9,370	-0,064	0,275	-0,963	-2,167	-0,488	-2,045
9,380	-0,064	0,275	-0,962	-2,258	-0,214	-1,678
9,390	-0,063	0,276	-0,961	-2,045	-0,122	-1,343
9,400	-0,062	0,277	-0,960	-1,709	0,031	-1,160
9,410	-0,059	0,279	-0,959	-1,404	0,305	-0,916
9,420	-0,057	0,280	-0,960	-1,038	0,397	-0,763
9,430	-0,054	0,280	-0,959	-0,885	0,397	-0,580
9,440	-0,051	0,280	-0,958	-0,885	0,305	-0,366
9,450	-0,051	0,277	-0,958	-0,977	-0,031	-0,183
9,460	-0,055	0,272	-0,959	-1,160	-0,702	-0,153
9,470	-0,058	0,267	-0,960	-1,373	-1,404	-0,366
9,480	-0,061	0,265	-0,963	-1,648	-1,556	-0,793
9,490	-0,062	0,267	-0,966	-1,587	-1,038	-1,221
9,500	-0,062	0,274	-0,967	-1,282	-0,244	-1,587
9,510	-0,062	0,279	-0,964	-1,160	0,641	-1,617
9,520	-0,060	0,283	-0,961	-1,038	1,160	-1,251
9,530	-0,058	0,283	-0,958	-0,885	1,099	-0,671
9,540	-0,058	0,279	-0,958	-0,732	0,580	-0,244
9,550	-0,060	0,273	-0,959	-0,671	-0,153	-0,183
9,560	-0,060	0,269	-0,962	-0,641	-0,519	-0,458
9,570	-0,060	0,270	-0,965	-0,610	-0,214	-0,977
9,580	-0,058	0,275	-0,965	-0,702	0,488	-1,251
9,590	-0,058	0,281	-0,963	-1,007	1,099	-1,038
9,600	-0,058	0,284	-0,959	-1,129	1,312	-0,519
9,610	-0,058	0,283	-0,958	-0,946	1,221	0,122
9,620	-0,056	0,280	-0,957	-0,580	0,854	0,641
9,630	-0,055	0,275	-0,959	-0,397	0,427	0,946
9,640	-0,054	0,270	-0,964	-0,519	0,122	0,916
9,650	-0,053	0,266	-0,966	-0,793	0,000	0,549
9,660	-0,054	0,264	-0,969	-1,007	0,061	-0,092
9,670	-0,056	0,264	-0,968	-1,221	0,183	-0,702
9,680	-0,058	0,267	-0,967	-1,495	0,275	-1,221
9,690	-0,060	0,269	-0,966	-1,862	0,336	-1,434
9,700	-0,059	0,276	-0,963	-2,289	0,214	-1,312
9,710	-0,054	0,276	-0,960	-3,143	0,092	-1,129
9,720	-0,053	0,276	-0,957	-3,540	-0,214	-0,580
9,730	-0,052	0,278	-0,954	-3,326	-0,732	-0,519
9,740	-0,052	0,280	-0,953	-2,899	-0,946	-0,854
9,750	-0,053	0,283	-0,955	-2,319	-1,251	-1,007
9,760	-0,055	0,283	-0,956	-1,984	-1,648	-0,824
9,770	-0,057	0,281	-0,959	-1,892	-1,801	-0,519
9,780	-0,057	0,278	-0,961	-1,740	-1,648	-0,275
9,790	-0,058	0,276	-0,963	-1,617	-1,404	-0,305
9,800	-0,059	0,276	-0,964	-1,709	-1,312	-0,549
9,810	-0,059	0,277	-0,964	-1,984	-1,343	-0,793
9,820	-0,059	0,279	-0,962	-2,228	-1,282	-0,885
9,830	-0,060	0,281	-0,960	-2,228	-1,312	-0,702
9,840	-0,062	0,280	-0,960	-2,045	-1,495	-0,458
9,850	-0,061	0,279	-0,960	-1,862	-1,709	-0,305
9,860	-0,060	0,278	-0,961	-1,770	-1,648	-0,244
9,870	-0,058	0,277	-0,961	-1,678	-1,373	-0,366
9,880	-0,057	0,278	-0,961	-1,526	-1,282	-0,641
9,890	-0,056	0,278	-0,960	-1,495	-1,404	-1,099
9,900	-0,057	0,279	-0,959	-1,617	-1,495	-1,465
9,910	-0,062	0,279	-0,960	-1,801	-1,617	-1,617
9,920	-0,068	0,279	-0,962	-1,923	-1,862	-1,587
9,930	-0,073	0,280	-0,965	-1,892	-2,014	-1,404
9,940	-0,071	0,282	-0,965	-1,801	-1,740	-1,007
9,950	-0,069	0,284	-0,964	-1,678	-0,854	-0,458
9,960	-0,068	0,284	-0,963	-1,434	-0,031	0,031
9,970	-0,066	0,282	-0,961	-1,099	0,305	0,397
9,980	-0,061	0,281	-0,958	-0,946	0,275	0,397
9,990	-0,056	0,279	-0,956	-0,946	0,275	0,153
